ts_ms,ts_iso,run_yes_bid,run_yes_ask,run_yes_mid,run_spread_cents,run_yes_bid_qty,run_yes_ask_qty,run_tight_spread,run_wide_spread,run_untradeable,b365_state,fd_state,dk_state
1788284070729,2026-09-01T17:34:30.729000+00:00,,,,,0,0,False,False,True,UP,UP,UP
1788284070930,2026-09-01T17:34:30.930000+00:00,,,,,0,0,False,False,True,UP,UP,UP
1788284071131,2026-09-01T17:34:31.131000+00:00,,,,,0,0,False,False,True,UP,UP,UP
1788284071333,2026-09-01T17:34:31.333000+00:00,,,,,0,0,False,False,True,UP,UP,UP
1788284071534,2026-09-01T17:34:31.534000+00:00,,,,,0,0,False,False,True,UP,UP,UP
1788284071734,2026-09-01T17:34:31.734000+00:00,,,,,0,0,False,False,True,UP,UP,UP
1788284071935,2026-09-01T17:34:31.935000+00:00,,,,,0,0,False,False,True,UP,UP,UP
1788284072136,2026-09-01T17:34:32.136000+00:00,,,,,0,0,False,False,True,UP,UP,UP
1788284072337,2026-09-01T17:34:32.337000+00:00,,,,,0,0,False,False,True,UP,UP,UP
1788284072538,2026-09-01T17:34:32.538000+00:00,,,,,0,0,False,False,True,UP,UP,UP
1788284072738,2026-09-01T17:34:32.738000+00:00,,,,,0,0,False,False,True,UP,UP,UP
1788284072939,2026-09-01T17:34:32.939000+00:00,,,,,0,0,False,False,True,UP,UP,UP
1788284073140,2026-09-01T17:34:33.140000+00:00,,,,,0,0,False,False,True,UP,UP,UP
1788284073341,2026-09-01T17:34:33.341000+00:00,,,,,0,0,False,False,True,UP,UP,UP
1788284073541,2026-09-01T17:34:33.541000+00:00,,,,,0,0,False,False,True,UP,UP,UP
1788284073742,2026-09-01T17:34:33.742000+00:00,,,,,0,0,False,False,True,UP,UP,UP
1788284073943,2026-09-01T17:34:33.943000+00:00,,,,,0,0,False,False,True,UP,UP,UP
1788284074144,2026-09-01T17:34:34.144000+00:00,,,,,0,0,False,False,True,UP,UP,UP
1788284074345,2026-09-01T17:34:34.345000+00:00,,,,,0,0,False,False,True,UP,UP,UP
1788284074545,2026-09-01T17:34:34.545000+00:00,,,,,0,0,False,False,True,UP,UP,UP
1788284074747,2026-09-01T17:34:34.747000+00:00,,,,,0,0,False,False,True,UP,UP,UP
1788284074948,2026-09-01T17:34:34.948000+00:00,,,,,0,0,False,False,True,UP,UP,UP
1788284075148,2026-09-01T17:34:35.148000+00:00,,,,,0,0,False,False,True,UP,UP,UP
1788284075349,2026-09-01T17:34:35.349000+00:00,,,,,0,0,False,False,True,UP,UP,UP
1788284075550,2026-09-01T17:34:35.550000+00:00,,,,,0,0,False,False,True,UP,UP,UP
1788284075751,2026-09-01T17:34:35.751000+00:00,,,,,0,0,False,False,True,UP,UP,UP
1788284075952,2026-09-01T17:34:35.952000+00:00,,,,,0,0,False,False,True,UP,UP,UP
1788284076153,2026-09-01T17:34:36.153000+00:00,,,,,0,0,False,False,True,UP,UP,UP
1788284076353,2026-09-01T17:34:36.353000+00:00,,,,,0,0,False,False,True,UP,UP,UP
1788284076554,2026-09-01T17:34:36.554000+00:00,,,,,0,0,False,False,True,UP,UP,UP
1788284076755,2026-09-01T17:34:36.755000+00:00,,,,,0,0,False,False,True,UP,UP,UP
1788284076956,2026-09-01T17:34:36.956000+00:00,,,,,0,0,False,False,True,UP,UP,UP
1788284077157,2026-09-01T17:34:37.157000+00:00,,,,,0,0,False,False,True,UP,UP,UP
1788284077357,2026-09-01T17:34:37.357000+00:00,,,,,0,0,False,False,True,UP,UP,UP
1788284077558,2026-09-01T17:34:37.558000+00:00,,,,,0,0,False,False,True,UP,UP,UP
1788284077759,2026-09-01T17:34:37.759000+00:00,,,,,0,0,False,False,True,UP,UP,UP
1788284077960,2026-09-01T17:34:37.960000+00:00,,,,,0,0,False,False,True,UP,UP,UP
1788284078160,2026-09-01T17:34:38.160000+00:00,,,,,0,0,False,False,True,UP,UP,UP
1788284078361,2026-09-01T17:34:38.361000+00:00,,,,,0,0,False,False,True,UP,UP,UP
1788284078562,2026-09-01T17:34:38.562000+00:00,,,,,0,0,False,False,True,UP,UP,UP
1788284078763,2026-09-01T17:34:38.763000+00:00,,,,,0,0,False,False,True,UP,UP,UP
1788284078963,2026-09-01T17:34:38.963000+00:00,,,,,0,0,False,False,True,UP,UP,UP
1788284079164,2026-09-01T17:34:39.164000+00:00,,,,,0,0,False,False,True,UP,UP,UP
1788284079365,2026-09-01T17:34:39.365000+00:00,,,,,0,0,False,False,True,UP,UP,UP
1788284079566,2026-09-01T17:34:39.566000+00:00,,,,,0,0,False,False,True,UP,UP,UP
1788284079767,2026-09-01T17:34:39.767000+00:00,,,,,0,0,False,False,True,UP,UP,UP
1788284079967,2026-09-01T17:34:39.967000+00:00,,,,,0,0,False,False,True,UP,UP,UP
1788284080168,2026-09-01T17:34:40.168000+00:00,,,,,0,0,False,False,True,UP,UP,UP
1788284080369,2026-09-01T17:34:40.369000+00:00,,,,,0,0,False,False,True,UP,UP,UP
1788284080570,2026-09-01T17:34:40.570000+00:00,,,,,0,0,False,False,True,UP,UP,UP
1788284080771,2026-09-01T17:34:40.771000+00:00,,,,,0,0,False,False,True,UP,UP,UP
1788284080972,2026-09-01T17:34:40.972000+00:00,,,,,0,0,False,False,True,UP,UP,UP
1788284081172,2026-09-01T17:34:41.172000+00:00,,,,,0,0,False,False,True,UP,UP,UP
1788284081373,2026-09-01T17:34:41.373000+00:00,,,,,0,0,False,False,True,UP,UP,UP
1788284081574,2026-09-01T17:34:41.574000+00:00,,,,,0,0,False,False,True,UP,UP,UP
1788284081775,2026-09-01T17:34:41.775000+00:00,,,,,0,0,False,False,True,UP,UP,UP
1788284081976,2026-09-01T17:34:41.976000+00:00,,,,,0,0,False,False,True,UP,UP,UP
1788284082177,2026-09-01T17:34:42.177000+00:00,,,,,0,0,False,False,True,UP,UP,UP
1788284082378,2026-09-01T17:34:42.378000+00:00,,,,,0,0,False,False,True,UP,UP,UP
1788284082579,2026-09-01T17:34:42.579000+00:00,,,,,0,0,False,False,True,UP,UP,UP
1788284082779,2026-09-01T17:34:42.779000+00:00,,,,,0,0,False,False,True,UP,UP,UP
1788284082980,2026-09-01T17:34:42.980000+00:00,,,,,0,0,False,False,True,UP,UP,UP
1788284083181,2026-09-01T17:34:43.181000+00:00,,,,,0,0,False,False,True,UP,UP,UP
1788284083381,2026-09-01T17:34:43.381000+00:00,,,,,0,0,False,False,True,UP,UP,UP
1788284083582,2026-09-01T17:34:43.582000+00:00,,,,,0,0,False,False,True,UP,UP,UP
1788284083783,2026-09-01T17:34:43.783000+00:00,,,,,0,0,False,False,True,UP,UP,UP
1788284083983,2026-09-01T17:34:43.983000+00:00,,,,,0,0,False,False,True,UP,UP,UP
1788284084184,2026-09-01T17:34:44.184000+00:00,,,,,0,0,False,False,True,UP,UP,UP
1788284084385,2026-09-01T17:34:44.385000+00:00,,,,,0,0,False,False,True,UP,UP,UP
1788284084586,2026-09-01T17:34:44.586000+00:00,,,,,0,0,False,False,True,UP,UP,UP
1788284084787,2026-09-01T17:34:44.787000+00:00,,,,,0,0,False,False,True,UP,UP,UP
1788284084988,2026-09-01T17:34:44.988000+00:00,,,,,0,0,False,False,True,UP,UP,UP
1788284085189,2026-09-01T17:34:45.189000+00:00,,,,,0,0,False,False,True,UP,UP,UP
1788284085390,2026-09-01T17:34:45.390000+00:00,,,,,0,0,False,False,True,UP,UP,UP
1788284085590,2026-09-01T17:34:45.590000+00:00,,,,,0,0,False,False,True,UP,UP,UP
1788284085791,2026-09-01T17:34:45.791000+00:00,,,,,0,0,False,False,True,UP,UP,UP
1788284085992,2026-09-01T17:34:45.992000+00:00,,,,,0,0,False,False,True,UP,UP,UP
1788284086192,2026-09-01T17:34:46.192000+00:00,,,,,0,0,False,False,True,UP,UP,UP
1788284086394,2026-09-01T17:34:46.394000+00:00,,,,,0,0,False,False,True,UP,UP,UP
1788284086594,2026-09-01T17:34:46.594000+00:00,,,,,0,0,False,False,True,UP,UP,UP
1788284086795,2026-09-01T17:34:46.795000+00:00,,,,,0,0,False,False,True,UP,UP,UP
1788284086996,2026-09-01T17:34:46.996000+00:00,,,,,0,0,False,False,True,UP,UP,UP
1788284087197,2026-09-01T17:34:47.197000+00:00,,,,,0,0,False,False,True,UP,UP,UP
1788284087397,2026-09-01T17:34:47.397000+00:00,,,,,0,0,False,False,True,UP,UP,UP
1788284087598,2026-09-01T17:34:47.598000+00:00,,,,,0,0,False,False,True,UP,UP,UP
1788284087799,2026-09-01T17:34:47.799000+00:00,,,,,0,0,False,False,True,UP,UP,UP
1788284087999,2026-09-01T17:34:47.999000+00:00,,,,,0,0,False,False,True,UP,UP,UP
1788284088200,2026-09-01T17:34:48.200000+00:00,,,,,0,0,False,False,True,UP,UP,UP
1788284088401,2026-09-01T17:34:48.401000+00:00,,,,,0,0,False,False,True,UP,UP,UP
1788284088602,2026-09-01T17:34:48.602000+00:00,,,,,0,0,False,False,True,UP,UP,UP
1788284088802,2026-09-01T17:34:48.802000+00:00,,,,,0,0,False,False,True,UP,UP,UP
1788284089003,2026-09-01T17:34:49.003000+00:00,,,,,0,0,False,False,True,UP,UP,UP
1788284089203,2026-09-01T17:34:49.203000+00:00,,,,,0,0,False,False,True,UP,UP,UP
1788284089404,2026-09-01T17:34:49.404000+00:00,,,,,0,0,False,False,True,UP,UP,UP
1788284089605,2026-09-01T17:34:49.605000+00:00,,,,,0,0,False,False,True,UP,UP,UP
1788284089806,2026-09-01T17:34:49.806000+00:00,,,,,0,0,False,False,True,UP,UP,UP
1788284090007,2026-09-01T17:34:50.007000+00:00,,,,,0,0,False,False,True,UP,UP,UP
1788284090208,2026-09-01T17:34:50.208000+00:00,,,,,0,0,False,False,True,UP,UP,UP
1788284090409,2026-09-01T17:34:50.409000+00:00,,,,,0,0,False,False,True,UP,UP,UP
1788284090609,2026-09-01T17:34:50.609000+00:00,,,,,0,0,False,False,True,UP,UP,UP
1788284090810,2026-09-01T17:34:50.810000+00:00,,,,,0,0,False,False,True,UP,UP,UP
1788284091011,2026-09-01T17:34:51.011000+00:00,,,,,0,0,False,False,True,UP,UP,UP
1788284091212,2026-09-01T17:34:51.212000+00:00,,,,,0,0,False,False,True,UP,UP,UP
1788284091414,2026-09-01T17:34:51.414000+00:00,,,,,0,0,False,False,True,UP,UP,UP
1788284091614,2026-09-01T17:34:51.614000+00:00,,,,,0,0,False,False,True,UP,UP,UP
1788284091815,2026-09-01T17:34:51.815000+00:00,,,,,0,0,False,False,True,UP,UP,UP
1788284092015,2026-09-01T17:34:52.015000+00:00,,,,,0,0,False,False,True,UP,UP,UP
1788284092216,2026-09-01T17:34:52.216000+00:00,,,,,0,0,False,False,True,UP,UP,UP
1788284092417,2026-09-01T17:34:52.417000+00:00,,,,,0,0,False,False,True,UP,UP,UP
1788284092618,2026-09-01T17:34:52.618000+00:00,,,,,0,0,False,False,True,UP,UP,UP
1788284092819,2026-09-01T17:34:52.819000+00:00,,,,,0,0,False,False,True,UP,UP,UP
1788284093019,2026-09-01T17:34:53.019000+00:00,,,,,0,0,False,False,True,UP,UP,UP
1788284093220,2026-09-01T17:34:53.220000+00:00,,,,,0,0,False,False,True,UP,UP,UP
1788284093421,2026-09-01T17:34:53.421000+00:00,,,,,0,0,False,False,True,UP,UP,UP
1788284093622,2026-09-01T17:34:53.622000+00:00,,,,,0,0,False,False,True,UP,UP,UP
1788284093823,2026-09-01T17:34:53.823000+00:00,,,,,0,0,False,False,True,UP,UP,UP
1788284094024,2026-09-01T17:34:54.024000+00:00,,,,,0,0,False,False,True,UP,UP,UP
1788284094224,2026-09-01T17:34:54.224000+00:00,,,,,0,0,False,False,True,UP,UP,UP
1788284094425,2026-09-01T17:34:54.425000+00:00,,,,,0,0,False,False,True,UP,UP,UP
1788284094626,2026-09-01T17:34:54.626000+00:00,,,,,0,0,False,False,True,UP,UP,UP
1788284094826,2026-09-01T17:34:54.826000+00:00,,,,,0,0,False,False,True,UP,UP,UP
1788284095027,2026-09-01T17:34:55.027000+00:00,,,,,0,0,False,False,True,UP,UP,UP
1788284095228,2026-09-01T17:34:55.228000+00:00,,,,,0,0,False,False,True,UP,UP,UP
1788284095429,2026-09-01T17:34:55.429000+00:00,,,,,0,0,False,False,True,UP,UP,UP
1788284095630,2026-09-01T17:34:55.630000+00:00,,,,,0,0,False,False,True,UP,UP,UP
1788284095830,2026-09-01T17:34:55.830000+00:00,,,,,0,0,False,False,True,UP,UP,UP
1788284096031,2026-09-01T17:34:56.031000+00:00,,,,,0,0,False,False,True,UP,UP,UP
1788284096232,2026-09-01T17:34:56.232000+00:00,,,,,0,0,False,False,True,UP,UP,UP
1788284096433,2026-09-01T17:34:56.433000+00:00,,,,,0,0,False,False,True,UP,UP,UP
1788284096634,2026-09-01T17:34:56.634000+00:00,,,,,0,0,False,False,True,UP,UP,UP
1788284096835,2026-09-01T17:34:56.835000+00:00,,,,,0,0,False,False,True,UP,UP,UP
1788284097035,2026-09-01T17:34:57.035000+00:00,,,,,0,0,False,False,True,UP,UP,UP
1788284097236,2026-09-01T17:34:57.236000+00:00,,,,,0,0,False,False,True,UP,UP,UP
1788284097437,2026-09-01T17:34:57.437000+00:00,,,,,0,0,False,False,True,UP,UP,UP
1788284097638,2026-09-01T17:34:57.638000+00:00,,,,,0,0,False,False,True,UP,UP,UP
1788284097839,2026-09-01T17:34:57.839000+00:00,,,,,0,0,False,False,True,UP,UP,UP
1788284098039,2026-09-01T17:34:58.039000+00:00,,,,,0,0,False,False,True,UP,UP,UP
1788284098240,2026-09-01T17:34:58.240000+00:00,,,,,0,0,False,False,True,UP,UP,UP
1788284098441,2026-09-01T17:34:58.441000+00:00,,,,,0,0,False,False,True,UP,UP,UP
1788284098641,2026-09-01T17:34:58.641000+00:00,,,,,0,0,False,False,True,UP,UP,UP
1788284098842,2026-09-01T17:34:58.842000+00:00,,,,,0,0,False,False,True,UP,UP,UP
1788284099043,2026-09-01T17:34:59.043000+00:00,,,,,0,0,False,False,True,UP,UP,UP
1788284099244,2026-09-01T17:34:59.244000+00:00,,,,,0,0,False,False,True,UP,UP,UP
1788284099444,2026-09-01T17:34:59.444000+00:00,,,,,0,0,False,False,True,UP,UP,UP
1788284099645,2026-09-01T17:34:59.645000+00:00,,,,,0,0,False,False,True,UP,UP,UP
1788284099846,2026-09-01T17:34:59.846000+00:00,,,,,0,0,False,False,True,UP,UP,UP
1788284100047,2026-09-01T17:35:00.047000+00:00,,,,,0,0,False,False,True,UP,UP,UP
1788284100248,2026-09-01T17:35:00.248000+00:00,,,,,0,0,False,False,True,UP,UP,UP
1788284100449,2026-09-01T17:35:00.449000+00:00,,,,,0,0,False,False,True,UP,UP,UP
1788284100649,2026-09-01T17:35:00.649000+00:00,,,,,0,0,False,False,True,UP,UP,UP
1788284100851,2026-09-01T17:35:00.851000+00:00,,,,,0,0,False,False,True,UP,UP,UP
1788284101051,2026-09-01T17:35:01.051000+00:00,,,,,0,0,False,False,True,UP,UP,UP
1788284101252,2026-09-01T17:35:01.252000+00:00,,,,,0,0,False,False,True,UP,UP,UP
1788284101453,2026-09-01T17:35:01.453000+00:00,,,,,0,0,False,False,True,UP,UP,UP
1788284101654,2026-09-01T17:35:01.654000+00:00,,,,,0,0,False,False,True,UP,UP,UP
1788284101855,2026-09-01T17:35:01.855000+00:00,,,,,0,0,False,False,True,UP,UP,UP
1788284102055,2026-09-01T17:35:02.055000+00:00,,,,,0,0,False,False,True,UP,UP,UP
1788284102256,2026-09-01T17:35:02.256000+00:00,,,,,0,0,False,False,True,UP,UP,UP
1788284102457,2026-09-01T17:35:02.457000+00:00,,,,,0,0,False,False,True,UP,UP,UP
1788284102658,2026-09-01T17:35:02.658000+00:00,,,,,0,0,False,False,True,UP,UP,UP
1788284102859,2026-09-01T17:35:02.859000+00:00,,,,,0,0,False,False,True,UP,UP,UP
1788284103060,2026-09-01T17:35:03.060000+00:00,,,,,0,0,False,False,True,UP,UP,UP
1788284103261,2026-09-01T17:35:03.261000+00:00,,,,,0,0,False,False,True,UP,UP,UP
1788284103461,2026-09-01T17:35:03.461000+00:00,,,,,0,0,False,False,True,UP,UP,UP
1788284103662,2026-09-01T17:35:03.662000+00:00,,,,,0,0,False,False,True,UP,UP,UP
1788284103863,2026-09-01T17:35:03.863000+00:00,,,,,0,0,False,False,True,UP,UP,UP
1788284104064,2026-09-01T17:35:04.064000+00:00,,,,,0,0,False,False,True,UP,UP,UP
1788284104264,2026-09-01T17:35:04.264000+00:00,,,,,0,0,False,False,True,UP,UP,UP
1788284104465,2026-09-01T17:35:04.465000+00:00,,,,,0,0,False,False,True,UP,UP,UP
1788284104666,2026-09-01T17:35:04.666000+00:00,,,,,0,0,False,False,True,UP,UP,UP
1788284104866,2026-09-01T17:35:04.866000+00:00,,,,,0,0,False,False,True,UP,UP,UP
1788284105067,2026-09-01T17:35:05.067000+00:00,,,,,0,0,False,False,True,UP,UP,UP
1788284105268,2026-09-01T17:35:05.268000+00:00,,,,,0,0,False,False,True,UP,UP,UP
1788284105469,2026-09-01T17:35:05.469000+00:00,,,,,0,0,False,False,True,UP,UP,UP
1788284105670,2026-09-01T17:35:05.670000+00:00,,,,,0,0,False,False,True,UP,UP,UP
1788284105870,2026-09-01T17:35:05.870000+00:00,,,,,0,0,False,False,True,UP,UP,UP
1788284106072,2026-09-01T17:35:06.072000+00:00,,,,,0,0,False,False,True,UP,UP,UP
1788284106272,2026-09-01T17:35:06.272000+00:00,,,,,0,0,False,False,True,UP,UP,UP
1788284106473,2026-09-01T17:35:06.473000+00:00,,,,,0,0,False,False,True,UP,UP,UP
1788284106674,2026-09-01T17:35:06.674000+00:00,,,,,0,0,False,False,True,UP,UP,UP
1788284106875,2026-09-01T17:35:06.875000+00:00,,,,,0,0,False,False,True,UP,UP,UP
1788284107076,2026-09-01T17:35:07.076000+00:00,,,,,0,0,False,False,True,UP,UP,UP
1788284107277,2026-09-01T17:35:07.277000+00:00,,,,,0,0,False,False,True,UP,UP,UP
1788284107477,2026-09-01T17:35:07.477000+00:00,,,,,0,0,False,False,True,UP,UP,UP
1788284107678,2026-09-01T17:35:07.678000+00:00,,,,,0,0,False,False,True,UP,UP,UP
1788284107879,2026-09-01T17:35:07.879000+00:00,,,,,0,0,False,False,True,UP,UP,UP
1788284108079,2026-09-01T17:35:08.079000+00:00,,,,,0,0,False,False,True,UP,UP,UP
1788284108280,2026-09-01T17:35:08.280000+00:00,,,,,0,0,False,False,True,UP,UP,UP
1788284108481,2026-09-01T17:35:08.481000+00:00,,,,,0,0,False,False,True,UP,UP,UP
1788284108682,2026-09-01T17:35:08.682000+00:00,,,,,0,0,False,False,True,UP,UP,UP
1788284108883,2026-09-01T17:35:08.883000+00:00,,,,,0,0,False,False,True,UP,UP,UP
1788284109084,2026-09-01T17:35:09.084000+00:00,,,,,0,0,False,False,True,UP,UP,UP
1788284109285,2026-09-01T17:35:09.285000+00:00,,,,,0,0,False,False,True,UP,UP,UP
1788284109486,2026-09-01T17:35:09.486000+00:00,,,,,0,0,False,False,True,UP,UP,UP
1788284109686,2026-09-01T17:35:09.686000+00:00,,,,,0,0,False,False,True,UP,UP,UP
1788284109887,2026-09-01T17:35:09.887000+00:00,,,,,0,0,False,False,True,UP,UP,UP
1788284110088,2026-09-01T17:35:10.088000+00:00,,,,,0,0,False,False,True,UP,UP,UP
1788284110288,2026-09-01T17:35:10.288000+00:00,,,,,0,0,False,False,True,UP,UP,UP
1788284110489,2026-09-01T17:35:10.489000+00:00,,,,,0,0,False,False,True,UP,UP,UP
1788284110690,2026-09-01T17:35:10.690000+00:00,,,,,0,0,False,False,True,UP,UP,UP
1788284110891,2026-09-01T17:35:10.891000+00:00,,,,,0,0,False,False,True,UP,UP,UP
1788284111092,2026-09-01T17:35:11.092000+00:00,,,,,0,0,False,False,True,UP,UP,UP
1788284111293,2026-09-01T17:35:11.293000+00:00,,,,,0,0,False,False,True,UP,UP,UP
1788284111493,2026-09-01T17:35:11.493000+00:00,,,,,0,0,False,False,True,UP,UP,UP
1788284111694,2026-09-01T17:35:11.694000+00:00,,,,,0,0,False,False,True,UP,UP,UP
1788284111895,2026-09-01T17:35:11.895000+00:00,,,,,0,0,False,False,True,UP,UP,UP
1788284112096,2026-09-01T17:35:12.096000+00:00,,,,,0,0,False,False,True,UP,UP,UP
1788284112297,2026-09-01T17:35:12.297000+00:00,,,,,0,0,False,False,True,UP,UP,UP
1788284112497,2026-09-01T17:35:12.497000+00:00,,,,,0,0,False,False,True,UP,UP,UP
1788284112698,2026-09-01T17:35:12.698000+00:00,,,,,0,0,False,False,True,UP,UP,UP
1788284112899,2026-09-01T17:35:12.899000+00:00,,,,,0,0,False,False,True,UP,UP,UP
1788284113100,2026-09-01T17:35:13.100000+00:00,,,,,0,0,False,False,True,UP,UP,UP
1788284113301,2026-09-01T17:35:13.301000+00:00,,,,,0,0,False,False,True,UP,UP,UP
1788284113502,2026-09-01T17:35:13.502000+00:00,,,,,0,0,False,False,True,UP,UP,UP
1788284113703,2026-09-01T17:35:13.703000+00:00,,,,,0,0,False,False,True,UP,UP,UP
1788284113904,2026-09-01T17:35:13.904000+00:00,,,,,0,0,False,False,True,UP,UP,UP
1788284114105,2026-09-01T17:35:14.105000+00:00,,,,,0,0,False,False,True,UP,UP,UP
1788284114305,2026-09-01T17:35:14.305000+00:00,,,,,0,0,False,False,True,UP,UP,UP
1788284114506,2026-09-01T17:35:14.506000+00:00,,,,,0,0,False,False,True,UP,UP,UP
1788284114707,2026-09-01T17:35:14.707000+00:00,,,,,0,0,False,False,True,UP,UP,UP
1788284114908,2026-09-01T17:35:14.908000+00:00,,,,,0,0,False,False,True,UP,UP,UP
1788284115108,2026-09-01T17:35:15.108000+00:00,,,,,0,0,False,False,True,UP,UP,UP
1788284115309,2026-09-01T17:35:15.309000+00:00,,,,,0,0,False,False,True,UP,UP,UP
1788284115510,2026-09-01T17:35:15.510000+00:00,,,,,0,0,False,False,True,UP,UP,UP
1788284115711,2026-09-01T17:35:15.711000+00:00,,,,,0,0,False,False,True,UP,UP,UP
1788284115912,2026-09-01T17:35:15.912000+00:00,,,,,0,0,False,False,True,UP,UP,UP
1788284116113,2026-09-01T17:35:16.113000+00:00,,,,,0,0,False,False,True,UP,UP,UP
1788284116314,2026-09-01T17:35:16.314000+00:00,,,,,0,0,False,False,True,UP,UP,UP
1788284116515,2026-09-01T17:35:16.515000+00:00,,,,,0,0,False,False,True,UP,UP,UP
1788284116716,2026-09-01T17:35:16.716000+00:00,,,,,0,0,False,False,True,UP,UP,UP
1788284116916,2026-09-01T17:35:16.916000+00:00,,,,,0,0,False,False,True,UP,UP,UP
1788284117117,2026-09-01T17:35:17.117000+00:00,,,,,0,0,False,False,True,UP,UP,UP
1788284117317,2026-09-01T17:35:17.317000+00:00,,,,,0,0,False,False,True,UP,UP,UP
1788284117518,2026-09-01T17:35:17.518000+00:00,,,,,0,0,False,False,True,UP,UP,UP
1788284117719,2026-09-01T17:35:17.719000+00:00,,,,,0,0,False,False,True,UP,UP,UP
1788284117919,2026-09-01T17:35:17.919000+00:00,,,,,0,0,False,False,True,UP,UP,UP
1788284118120,2026-09-01T17:35:18.120000+00:00,,,,,0,0,False,False,True,UP,UP,UP
1788284118321,2026-09-01T17:35:18.321000+00:00,,,,,0,0,False,False,True,UP,UP,UP
1788284118522,2026-09-01T17:35:18.522000+00:00,,,,,0,0,False,False,True,UP,UP,UP
1788284118722,2026-09-01T17:35:18.722000+00:00,,,,,0,0,False,False,True,UP,UP,UP
1788284118923,2026-09-01T17:35:18.923000+00:00,,,,,0,0,False,False,True,UP,UP,UP
1788284119124,2026-09-01T17:35:19.124000+00:00,,,,,0,0,False,False,True,UP,UP,UP
1788284119325,2026-09-01T17:35:19.325000+00:00,,,,,0,0,False,False,True,UP,UP,UP
1788284119526,2026-09-01T17:35:19.526000+00:00,,,,,0,0,False,False,True,UP,UP,UP
1788284119727,2026-09-01T17:35:19.727000+00:00,,,,,0,0,False,False,True,UP,UP,UP
1788284119928,2026-09-01T17:35:19.928000+00:00,,,,,0,0,False,False,True,UP,UP,UP
1788284120128,2026-09-01T17:35:20.128000+00:00,,,,,0,0,False,False,True,UP,UP,UP
1788284120329,2026-09-01T17:35:20.329000+00:00,,,,,0,0,False,False,True,UP,UP,UP
1788284120530,2026-09-01T17:35:20.530000+00:00,,,,,0,0,False,False,True,UP,UP,UP
1788284120731,2026-09-01T17:35:20.731000+00:00,,,,,0,0,False,False,True,UP,UP,UP
1788284120932,2026-09-01T17:35:20.932000+00:00,,,,,0,0,False,False,True,UP,UP,UP
1788284121133,2026-09-01T17:35:21.133000+00:00,,,,,0,0,False,False,True,UP,UP,UP
1788284121334,2026-09-01T17:35:21.334000+00:00,,,,,0,0,False,False,True,UP,UP,UP
1788284121535,2026-09-01T17:35:21.535000+00:00,,,,,0,0,False,False,True,UP,UP,UP
1788284121736,2026-09-01T17:35:21.736000+00:00,,,,,0,0,False,False,True,UP,UP,UP
1788284121937,2026-09-01T17:35:21.937000+00:00,,,,,0,0,False,False,True,UP,UP,UP
1788284122138,2026-09-01T17:35:22.138000+00:00,,,,,0,0,False,False,True,UP,UP,UP
1788284122339,2026-09-01T17:35:22.339000+00:00,,,,,0,0,False,False,True,UP,UP,UP
1788284122540,2026-09-01T17:35:22.540000+00:00,,,,,0,0,False,False,True,UP,UP,UP
1788284122740,2026-09-01T17:35:22.740000+00:00,,,,,0,0,False,False,True,UP,UP,UP
1788284122941,2026-09-01T17:35:22.941000+00:00,,,,,0,0,False,False,True,UP,UP,UP
1788284123142,2026-09-01T17:35:23.142000+00:00,,,,,0,0,False,False,True,UP,UP,UP
1788284123343,2026-09-01T17:35:23.343000+00:00,,,,,0,0,False,False,True,UP,UP,UP
1788284123543,2026-09-01T17:35:23.543000+00:00,,,,,0,0,False,False,True,UP,UP,UP
1788284123744,2026-09-01T17:35:23.744000+00:00,,,,,0,0,False,False,True,UP,UP,UP
1788284123945,2026-09-01T17:35:23.945000+00:00,,,,,0,0,False,False,True,UP,UP,UP
1788284124146,2026-09-01T17:35:24.146000+00:00,,,,,0,0,False,False,True,UP,UP,UP
1788284124347,2026-09-01T17:35:24.347000+00:00,,,,,0,0,False,False,True,UP,UP,UP
1788284124548,2026-09-01T17:35:24.548000+00:00,,,,,0,0,False,False,True,UP,UP,UP
1788284124749,2026-09-01T17:35:24.749000+00:00,,,,,0,0,False,False,True,UP,UP,UP
1788284124950,2026-09-01T17:35:24.950000+00:00,,,,,0,0,False,False,True,UP,UP,UP
1788284125151,2026-09-01T17:35:25.151000+00:00,,,,,0,0,False,False,True,UP,UP,UP
1788284125352,2026-09-01T17:35:25.352000+00:00,,,,,0,0,False,False,True,UP,UP,UP
1788284125552,2026-09-01T17:35:25.552000+00:00,,,,,0,0,False,False,True,UP,UP,UP
1788284125753,2026-09-01T17:35:25.753000+00:00,,,,,0,0,False,False,True,UP,UP,UP
1788284125954,2026-09-01T17:35:25.954000+00:00,,,,,0,0,False,False,True,UP,UP,UP
1788284126155,2026-09-01T17:35:26.155000+00:00,,,,,0,0,False,False,True,UP,UP,UP
1788284126356,2026-09-01T17:35:26.356000+00:00,,,,,0,0,False,False,True,UP,UP,UP
1788284126557,2026-09-01T17:35:26.557000+00:00,,,,,0,0,False,False,True,UP,UP,UP
1788284126758,2026-09-01T17:35:26.758000+00:00,,,,,0,0,False,False,True,UP,UP,UP
1788284126959,2026-09-01T17:35:26.959000+00:00,,,,,0,0,False,False,True,UP,UP,UP
1788284127160,2026-09-01T17:35:27.160000+00:00,,,,,0,0,False,False,True,UP,UP,UP
1788284127361,2026-09-01T17:35:27.361000+00:00,,,,,0,0,False,False,True,UP,UP,UP
1788284127562,2026-09-01T17:35:27.562000+00:00,,,,,0,0,False,False,True,UP,UP,UP
1788284127762,2026-09-01T17:35:27.762000+00:00,,,,,0,0,False,False,True,UP,UP,UP
1788284127963,2026-09-01T17:35:27.963000+00:00,,,,,0,0,False,False,True,UP,UP,UP
1788284128164,2026-09-01T17:35:28.164000+00:00,,,,,0,0,False,False,True,UP,UP,UP
1788284128364,2026-09-01T17:35:28.364000+00:00,,,,,0,0,False,False,True,UP,UP,UP
1788284128565,2026-09-01T17:35:28.565000+00:00,,,,,0,0,False,False,True,UP,UP,UP
1788284128766,2026-09-01T17:35:28.766000+00:00,,,,,0,0,False,False,True,UP,UP,UP
1788284128967,2026-09-01T17:35:28.967000+00:00,,,,,0,0,False,False,True,UP,UP,UP
1788284129167,2026-09-01T17:35:29.167000+00:00,,,,,0,0,False,False,True,UP,UP,UP
1788284129368,2026-09-01T17:35:29.368000+00:00,,,,,0,0,False,False,True,UP,UP,UP
1788284129569,2026-09-01T17:35:29.569000+00:00,,,,,0,0,False,False,True,UP,UP,UP
1788284129770,2026-09-01T17:35:29.770000+00:00,,,,,0,0,False,False,True,UP,UP,UP
1788284129971,2026-09-01T17:35:29.971000+00:00,,,,,0,0,False,False,True,UP,UP,UP
1788284130172,2026-09-01T17:35:30.172000+00:00,,,,,0,0,False,False,True,UP,UP,UP
1788284130373,2026-09-01T17:35:30.373000+00:00,,,,,0,0,False,False,True,UP,UP,UP
1788284130574,2026-09-01T17:35:30.574000+00:00,,,,,0,0,False,False,True,UP,UP,UP
1788284130775,2026-09-01T17:35:30.775000+00:00,,,,,0,0,False,False,True,UP,UP,UP
1788284130976,2026-09-01T17:35:30.976000+00:00,,,,,0,0,False,False,True,UP,UP,UP
1788284131177,2026-09-01T17:35:31.177000+00:00,,,,,0,0,False,False,True,UP,UP,UP
1788284131378,2026-09-01T17:35:31.378000+00:00,,,,,0,0,False,False,True,UP,UP,UP
1788284131579,2026-09-01T17:35:31.579000+00:00,,,,,0,0,False,False,True,UP,UP,UP
1788284131780,2026-09-01T17:35:31.780000+00:00,,,,,0,0,False,False,True,UP,UP,UP
1788284131980,2026-09-01T17:35:31.980000+00:00,,,,,0,0,False,False,True,UP,UP,UP
1788284132181,2026-09-01T17:35:32.181000+00:00,,,,,0,0,False,False,True,UP,UP,UP
1788284132382,2026-09-01T17:35:32.382000+00:00,,,,,0,0,False,False,True,UP,UP,UP
1788284132582,2026-09-01T17:35:32.582000+00:00,,,,,0,0,False,False,True,UP,UP,UP
1788284132783,2026-09-01T17:35:32.783000+00:00,,,,,0,0,False,False,True,UP,UP,UP
1788284132984,2026-09-01T17:35:32.984000+00:00,,,,,0,0,False,False,True,UP,UP,UP
1788284133185,2026-09-01T17:35:33.185000+00:00,,,,,0,0,False,False,True,UP,UP,UP
1788284133385,2026-09-01T17:35:33.385000+00:00,,,,,0,0,False,False,True,UP,UP,UP
1788284133586,2026-09-01T17:35:33.586000+00:00,,,,,0,0,False,False,True,UP,UP,UP
1788284133787,2026-09-01T17:35:33.787000+00:00,,,,,0,0,False,False,True,UP,UP,UP
1788284133988,2026-09-01T17:35:33.988000+00:00,,,,,0,0,False,False,True,UP,UP,UP
1788284134189,2026-09-01T17:35:34.189000+00:00,,,,,0,0,False,False,True,UP,UP,UP
1788284134390,2026-09-01T17:35:34.390000+00:00,,,,,0,0,False,False,True,UP,UP,UP
1788284134591,2026-09-01T17:35:34.591000+00:00,,,,,0,0,False,False,True,UP,UP,UP
1788284134792,2026-09-01T17:35:34.792000+00:00,,,,,0,0,False,False,True,UP,UP,UP
1788284134993,2026-09-01T17:35:34.993000+00:00,,,,,0,0,False,False,True,UP,UP,UP
1788284135194,2026-09-01T17:35:35.194000+00:00,,,,,0,0,False,False,True,UP,UP,UP
1788284135394,2026-09-01T17:35:35.394000+00:00,,,,,0,0,False,False,True,UP,UP,UP
1788284135595,2026-09-01T17:35:35.595000+00:00,,,,,0,0,False,False,True,UP,UP,UP
1788284135796,2026-09-01T17:35:35.796000+00:00,,,,,0,0,False,False,True,UP,UP,UP
1788284135997,2026-09-01T17:35:35.997000+00:00,,,,,0,0,False,False,True,UP,UP,UP
1788284136197,2026-09-01T17:35:36.197000+00:00,,,,,0,0,False,False,True,UP,UP,UP
1788284136398,2026-09-01T17:35:36.398000+00:00,,,,,0,0,False,False,True,UP,UP,UP
1788284136599,2026-09-01T17:35:36.599000+00:00,,,,,0,0,False,False,True,UP,UP,UP
1788284136800,2026-09-01T17:35:36.800000+00:00,,,,,0,0,False,False,True,UP,UP,UP
1788284137001,2026-09-01T17:35:37.001000+00:00,,,,,0,0,False,False,True,UP,UP,UP
1788284137202,2026-09-01T17:35:37.202000+00:00,,,,,0,0,False,False,True,UP,UP,UP
1788284137403,2026-09-01T17:35:37.403000+00:00,,,,,0,0,False,False,True,UP,UP,UP
1788284137603,2026-09-01T17:35:37.603000+00:00,,,,,0,0,False,False,True,UP,UP,UP
1788284137804,2026-09-01T17:35:37.804000+00:00,,,,,0,0,False,False,True,UP,UP,UP
1788284138005,2026-09-01T17:35:38.005000+00:00,,,,,0,0,False,False,True,UP,UP,UP
1788284138205,2026-09-01T17:35:38.205000+00:00,,,,,0,0,False,False,True,UP,UP,UP
1788284138407,2026-09-01T17:35:38.407000+00:00,,,,,0,0,False,False,True,UP,UP,UP
1788284138607,2026-09-01T17:35:38.607000+00:00,,,,,0,0,False,False,True,UP,UP,UP
1788284138808,2026-09-01T17:35:38.808000+00:00,,,,,0,0,False,False,True,UP,UP,UP
1788284139009,2026-09-01T17:35:39.009000+00:00,,,,,0,0,False,False,True,UP,UP,UP
1788284139210,2026-09-01T17:35:39.210000+00:00,,,,,0,0,False,False,True,UP,UP,UP
1788284139410,2026-09-01T17:35:39.410000+00:00,,,,,0,0,False,False,True,UP,UP,UP
1788284139611,2026-09-01T17:35:39.611000+00:00,,,,,0,0,False,False,True,UP,UP,UP
1788284139812,2026-09-01T17:35:39.812000+00:00,,,,,0,0,False,False,True,UP,UP,UP
1788284140013,2026-09-01T17:35:40.013000+00:00,,,,,0,0,False,False,True,UP,UP,UP
1788284140214,2026-09-01T17:35:40.214000+00:00,,,,,0,0,False,False,True,UP,UP,UP
1788284140415,2026-09-01T17:35:40.415000+00:00,,,,,0,0,False,False,True,UP,UP,UP
1788284140616,2026-09-01T17:35:40.616000+00:00,,,,,0,0,False,False,True,UP,UP,UP
1788284140816,2026-09-01T17:35:40.816000+00:00,,,,,0,0,False,False,True,UP,UP,UP
1788284141017,2026-09-01T17:35:41.017000+00:00,,,,,0,0,False,False,True,UP,UP,UP
1788284141218,2026-09-01T17:35:41.218000+00:00,,,,,0,0,False,False,True,UP,UP,UP
1788284141419,2026-09-01T17:35:41.419000+00:00,,,,,0,0,False,False,True,UP,UP,UP
1788284141620,2026-09-01T17:35:41.620000+00:00,,,,,0,0,False,False,True,UP,UP,UP
1788284141821,2026-09-01T17:35:41.821000+00:00,,,,,0,0,False,False,True,UP,UP,UP
1788284142022,2026-09-01T17:35:42.022000+00:00,,,,,0,0,False,False,True,UP,UP,UP
1788284142223,2026-09-01T17:35:42.223000+00:00,,,,,0,0,False,False,True,UP,UP,UP
1788284142424,2026-09-01T17:35:42.424000+00:00,,,,,0,0,False,False,True,UP,UP,UP
1788284142625,2026-09-01T17:35:42.625000+00:00,,,,,0,0,False,False,True,UP,UP,UP
1788284142826,2026-09-01T17:35:42.826000+00:00,,,,,0,0,False,False,True,UP,UP,UP
1788284143026,2026-09-01T17:35:43.026000+00:00,,,,,0,0,False,False,True,UP,UP,UP
1788284143227,2026-09-01T17:35:43.227000+00:00,,,,,0,0,False,False,True,UP,UP,UP
1788284143428,2026-09-01T17:35:43.428000+00:00,,,,,0,0,False,False,True,UP,UP,UP
1788284143629,2026-09-01T17:35:43.629000+00:00,,,,,0,0,False,False,True,UP,UP,UP
1788284143830,2026-09-01T17:35:43.830000+00:00,,,,,0,0,False,False,True,UP,UP,UP
1788284144031,2026-09-01T17:35:44.031000+00:00,,,,,0,0,False,False,True,UP,UP,UP
1788284144231,2026-09-01T17:35:44.231000+00:00,,,,,0,0,False,False,True,UP,UP,UP
1788284144432,2026-09-01T17:35:44.432000+00:00,,,,,0,0,False,False,True,UP,UP,UP
1788284144633,2026-09-01T17:35:44.633000+00:00,,,,,0,0,False,False,True,UP,UP,UP
1788284144834,2026-09-01T17:35:44.834000+00:00,,,,,0,0,False,False,True,UP,UP,UP
1788284145035,2026-09-01T17:35:45.035000+00:00,,,,,0,0,False,False,True,UP,UP,UP
1788284145235,2026-09-01T17:35:45.235000+00:00,,,,,0,0,False,False,True,UP,UP,UP
1788284145436,2026-09-01T17:35:45.436000+00:00,,,,,0,0,False,False,True,UP,UP,UP
1788284145637,2026-09-01T17:35:45.637000+00:00,,,,,0,0,False,False,True,UP,UP,UP
1788284145838,2026-09-01T17:35:45.838000+00:00,,,,,0,0,False,False,True,UP,UP,UP
1788284146038,2026-09-01T17:35:46.038000+00:00,,,,,0,0,False,False,True,UP,UP,UP
1788284146239,2026-09-01T17:35:46.239000+00:00,,,,,0,0,False,False,True,UP,UP,UP
1788284146440,2026-09-01T17:35:46.440000+00:00,,,,,0,0,False,False,True,UP,UP,UP
1788284146641,2026-09-01T17:35:46.641000+00:00,,,,,0,0,False,False,True,UP,UP,UP
1788284146842,2026-09-01T17:35:46.842000+00:00,,,,,0,0,False,False,True,UP,UP,UP
1788284147042,2026-09-01T17:35:47.042000+00:00,,,,,0,0,False,False,True,UP,UP,UP
1788284147243,2026-09-01T17:35:47.243000+00:00,,,,,0,0,False,False,True,UP,UP,UP
1788284147444,2026-09-01T17:35:47.444000+00:00,,,,,0,0,False,False,True,UP,UP,UP
1788284147645,2026-09-01T17:35:47.645000+00:00,,,,,0,0,False,False,True,UP,UP,UP
1788284147846,2026-09-01T17:35:47.846000+00:00,,,,,0,0,False,False,True,UP,UP,UP
1788284148046,2026-09-01T17:35:48.046000+00:00,,,,,0,0,False,False,True,UP,UP,UP
1788284148247,2026-09-01T17:35:48.247000+00:00,,,,,0,0,False,False,True,UP,UP,UP
1788284148448,2026-09-01T17:35:48.448000+00:00,,,,,0,0,False,False,True,UP,UP,UP
1788284148649,2026-09-01T17:35:48.649000+00:00,,,,,0,0,False,False,True,UP,UP,UP
1788284148850,2026-09-01T17:35:48.850000+00:00,,,,,0,0,False,False,True,UP,UP,UP
1788284149051,2026-09-01T17:35:49.051000+00:00,,,,,0,0,False,False,True,UP,UP,UP
1788284149252,2026-09-01T17:35:49.252000+00:00,,,,,0,0,False,False,True,UP,UP,UP
1788284149452,2026-09-01T17:35:49.452000+00:00,,,,,0,0,False,False,True,UP,UP,UP
1788284149653,2026-09-01T17:35:49.653000+00:00,,,,,0,0,False,False,True,UP,UP,UP
1788284149853,2026-09-01T17:35:49.853000+00:00,,,,,0,0,False,False,True,UP,UP,UP
1788284150054,2026-09-01T17:35:50.054000+00:00,,,,,0,0,False,False,True,UP,UP,UP
1788284150255,2026-09-01T17:35:50.255000+00:00,,,,,0,0,False,False,True,UP,UP,UP
1788284150456,2026-09-01T17:35:50.456000+00:00,,,,,0,0,False,False,True,UP,UP,UP
1788284150656,2026-09-01T17:35:50.656000+00:00,,,,,0,0,False,False,True,UP,UP,UP
1788284150857,2026-09-01T17:35:50.857000+00:00,,,,,0,0,False,False,True,UP,UP,UP
1788284151058,2026-09-01T17:35:51.058000+00:00,,,,,0,0,False,False,True,UP,UP,UP
1788284151259,2026-09-01T17:35:51.259000+00:00,,,,,0,0,False,False,True,UP,UP,UP
1788284151460,2026-09-01T17:35:51.460000+00:00,,,,,0,0,False,False,True,UP,UP,UP
1788284151660,2026-09-01T17:35:51.660000+00:00,,,,,0,0,False,False,True,UP,UP,UP
1788284151861,2026-09-01T17:35:51.861000+00:00,,,,,0,0,False,False,True,UP,UP,UP
1788284152063,2026-09-01T17:35:52.063000+00:00,,,,,0,0,False,False,True,UP,UP,UP
1788284152263,2026-09-01T17:35:52.263000+00:00,,,,,0,0,False,False,True,UP,UP,UP
1788284152464,2026-09-01T17:35:52.464000+00:00,,,,,0,0,False,False,True,UP,UP,UP
1788284152665,2026-09-01T17:35:52.665000+00:00,,,,,0,0,False,False,True,UP,UP,UP
1788284152866,2026-09-01T17:35:52.866000+00:00,,,,,0,0,False,False,True,UP,UP,UP
1788284153067,2026-09-01T17:35:53.067000+00:00,,,,,0,0,False,False,True,UP,UP,UP
1788284153268,2026-09-01T17:35:53.268000+00:00,,,,,0,0,False,False,True,UP,UP,UP
1788284153469,2026-09-01T17:35:53.469000+00:00,,,,,0,0,False,False,True,UP,UP,UP
1788284153669,2026-09-01T17:35:53.669000+00:00,,,,,0,0,False,False,True,UP,UP,UP
1788284153870,2026-09-01T17:35:53.870000+00:00,,,,,0,0,False,False,True,UP,UP,UP
1788284154071,2026-09-01T17:35:54.071000+00:00,,,,,0,0,False,False,True,UP,UP,UP
1788284154272,2026-09-01T17:35:54.272000+00:00,,,,,0,0,False,False,True,UP,UP,UP
1788284154473,2026-09-01T17:35:54.473000+00:00,,,,,0,0,False,False,True,UP,UP,UP
1788284154674,2026-09-01T17:35:54.674000+00:00,,,,,0,0,False,False,True,UP,UP,UP
1788284154875,2026-09-01T17:35:54.875000+00:00,,,,,0,0,False,False,True,UP,UP,UP
1788284155076,2026-09-01T17:35:55.076000+00:00,,,,,0,0,False,False,True,UP,UP,UP
1788284155276,2026-09-01T17:35:55.276000+00:00,,,,,0,0,False,False,True,UP,UP,UP
1788284155477,2026-09-01T17:35:55.477000+00:00,,,,,0,0,False,False,True,UP,UP,UP
1788284155678,2026-09-01T17:35:55.678000+00:00,,,,,0,0,False,False,True,UP,UP,UP
1788284155878,2026-09-01T17:35:55.878000+00:00,,,,,0,0,False,False,True,UP,UP,UP
1788284156079,2026-09-01T17:35:56.079000+00:00,,,,,0,0,False,False,True,UP,UP,UP
1788284156280,2026-09-01T17:35:56.280000+00:00,,,,,0,0,False,False,True,UP,UP,UP
1788284156481,2026-09-01T17:35:56.481000+00:00,,,,,0,0,False,False,True,UP,UP,UP
1788284156682,2026-09-01T17:35:56.682000+00:00,,,,,0,0,False,False,True,UP,UP,UP
1788284156883,2026-09-01T17:35:56.883000+00:00,,,,,0,0,False,False,True,UP,UP,UP
1788284157083,2026-09-01T17:35:57.083000+00:00,,,,,0,0,False,False,True,UP,UP,UP
1788284157284,2026-09-01T17:35:57.284000+00:00,,,,,0,0,False,False,True,UP,UP,UP
1788284157485,2026-09-01T17:35:57.485000+00:00,,,,,0,0,False,False,True,UP,UP,UP
1788284157685,2026-09-01T17:35:57.685000+00:00,,,,,0,0,False,False,True,UP,UP,UP
1788284157886,2026-09-01T17:35:57.886000+00:00,,,,,0,0,False,False,True,UP,UP,UP
1788284158087,2026-09-01T17:35:58.087000+00:00,,,,,0,0,False,False,True,UP,UP,UP
1788284158288,2026-09-01T17:35:58.288000+00:00,,,,,0,0,False,False,True,UP,UP,UP
1788284158488,2026-09-01T17:35:58.488000+00:00,,,,,0,0,False,False,True,UP,UP,UP
1788284158690,2026-09-01T17:35:58.690000+00:00,,,,,0,0,False,False,True,UP,UP,UP
1788284158891,2026-09-01T17:35:58.891000+00:00,,,,,0,0,False,False,True,UP,UP,UP
1788284159091,2026-09-01T17:35:59.091000+00:00,,,,,0,0,False,False,True,UP,UP,UP
1788284159292,2026-09-01T17:35:59.292000+00:00,,,,,0,0,False,False,True,UP,UP,UP
1788284159493,2026-09-01T17:35:59.493000+00:00,,,,,0,0,False,False,True,UP,UP,UP
1788284159694,2026-09-01T17:35:59.694000+00:00,,,,,0,0,False,False,True,UP,UP,UP
1788284159895,2026-09-01T17:35:59.895000+00:00,,,,,0,0,False,False,True,UP,UP,UP
1788284160096,2026-09-01T17:36:00.096000+00:00,,,,,0,0,False,False,True,UP,UP,UP
1788284160296,2026-09-01T17:36:00.296000+00:00,,,,,0,0,False,False,True,UP,UP,UP
1788284160497,2026-09-01T17:36:00.497000+00:00,,,,,0,0,False,False,True,UP,UP,UP
1788284160698,2026-09-01T17:36:00.698000+00:00,,,,,0,0,False,False,True,UP,UP,UP
1788284160899,2026-09-01T17:36:00.899000+00:00,,,,,0,0,False,False,True,UP,UP,UP
1788284161099,2026-09-01T17:36:01.099000+00:00,,,,,0,0,False,False,True,UP,UP,UP
1788284161300,2026-09-01T17:36:01.300000+00:00,,,,,0,0,False,False,True,UP,UP,UP
1788284161501,2026-09-01T17:36:01.501000+00:00,,,,,0,0,False,False,True,UP,UP,UP
1788284161702,2026-09-01T17:36:01.702000+00:00,,,,,0,0,False,False,True,UP,UP,UP
1788284161903,2026-09-01T17:36:01.903000+00:00,,,,,0,0,False,False,True,UP,UP,UP
1788284162104,2026-09-01T17:36:02.104000+00:00,,,,,0,0,False,False,True,UP,UP,UP
1788284162305,2026-09-01T17:36:02.305000+00:00,,,,,0,0,False,False,True,UP,UP,UP
1788284162506,2026-09-01T17:36:02.506000+00:00,,,,,0,0,False,False,True,UP,UP,UP
1788284162706,2026-09-01T17:36:02.706000+00:00,,,,,0,0,False,False,True,UP,UP,UP
1788284162907,2026-09-01T17:36:02.907000+00:00,,,,,0,0,False,False,True,UP,UP,UP
1788284163108,2026-09-01T17:36:03.108000+00:00,,,,,0,0,False,False,True,UP,UP,UP
1788284163308,2026-09-01T17:36:03.308000+00:00,,,,,0,0,False,False,True,UP,UP,UP
1788284163509,2026-09-01T17:36:03.509000+00:00,,,,,0,0,False,False,True,UP,UP,UP
1788284163710,2026-09-01T17:36:03.710000+00:00,,,,,0,0,False,False,True,UP,UP,UP
1788284163911,2026-09-01T17:36:03.911000+00:00,,,,,0,0,False,False,True,UP,UP,UP
1788284164113,2026-09-01T17:36:04.113000+00:00,,,,,0,0,False,False,True,UP,UP,UP
1788284164314,2026-09-01T17:36:04.314000+00:00,,,,,0,0,False,False,True,UP,UP,UP
1788284164515,2026-09-01T17:36:04.515000+00:00,,,,,0,0,False,False,True,UP,UP,UP
1788284164715,2026-09-01T17:36:04.715000+00:00,,,,,0,0,False,False,True,UP,UP,UP
1788284164916,2026-09-01T17:36:04.916000+00:00,,,,,0,0,False,False,True,UP,UP,UP
1788284165117,2026-09-01T17:36:05.117000+00:00,,,,,0,0,False,False,True,UP,UP,UP
1788284165318,2026-09-01T17:36:05.318000+00:00,,,,,0,0,False,False,True,UP,UP,UP
1788284165518,2026-09-01T17:36:05.518000+00:00,,,,,0,0,False,False,True,UP,UP,UP
1788284165719,2026-09-01T17:36:05.719000+00:00,,,,,0,0,False,False,True,UP,UP,UP
1788284165920,2026-09-01T17:36:05.920000+00:00,,,,,0,0,False,False,True,UP,UP,UP
1788284166121,2026-09-01T17:36:06.121000+00:00,,,,,0,0,False,False,True,UP,UP,UP
1788284166321,2026-09-01T17:36:06.321000+00:00,,,,,0,0,False,False,True,UP,UP,UP
1788284166522,2026-09-01T17:36:06.522000+00:00,,,,,0,0,False,False,True,UP,UP,UP
1788284166723,2026-09-01T17:36:06.723000+00:00,,,,,0,0,False,False,True,UP,UP,UP
1788284166924,2026-09-01T17:36:06.924000+00:00,,,,,0,0,False,False,True,UP,UP,UP
1788284167125,2026-09-01T17:36:07.125000+00:00,,,,,0,0,False,False,True,UP,UP,UP
1788284167326,2026-09-01T17:36:07.326000+00:00,,,,,0,0,False,False,True,UP,UP,UP
1788284167527,2026-09-01T17:36:07.527000+00:00,,,,,0,0,False,False,True,UP,UP,UP
1788284167728,2026-09-01T17:36:07.728000+00:00,,,,,0,0,False,False,True,UP,UP,UP
1788284167929,2026-09-01T17:36:07.929000+00:00,,,,,0,0,False,False,True,UP,UP,UP
1788284168130,2026-09-01T17:36:08.130000+00:00,,,,,0,0,False,False,True,UP,UP,UP
1788284168331,2026-09-01T17:36:08.331000+00:00,,,,,0,0,False,False,True,UP,UP,UP
1788284168531,2026-09-01T17:36:08.531000+00:00,,,,,0,0,False,False,True,UP,UP,UP
1788284168732,2026-09-01T17:36:08.732000+00:00,,,,,0,0,False,False,True,UP,UP,UP
1788284168933,2026-09-01T17:36:08.933000+00:00,,,,,0,0,False,False,True,UP,UP,UP
1788284169134,2026-09-01T17:36:09.134000+00:00,,,,,0,0,False,False,True,UP,UP,UP
1788284169335,2026-09-01T17:36:09.335000+00:00,,,,,0,0,False,False,True,UP,UP,UP
1788284169536,2026-09-01T17:36:09.536000+00:00,,,,,0,0,False,False,True,UP,UP,UP
1788284169737,2026-09-01T17:36:09.737000+00:00,,,,,0,0,False,False,True,UP,UP,UP
1788284169938,2026-09-01T17:36:09.938000+00:00,,,,,0,0,False,False,True,UP,UP,UP
1788284170138,2026-09-01T17:36:10.138000+00:00,,,,,0,0,False,False,True,UP,UP,UP
1788284170340,2026-09-01T17:36:10.340000+00:00,,,,,0,0,False,False,True,UP,UP,UP
1788284170540,2026-09-01T17:36:10.540000+00:00,,,,,0,0,False,False,True,UP,UP,UP
1788284170742,2026-09-01T17:36:10.742000+00:00,,,,,0,0,False,False,True,UP,UP,UP
1788284170942,2026-09-01T17:36:10.942000+00:00,,,,,0,0,False,False,True,UP,UP,UP
1788284171143,2026-09-01T17:36:11.143000+00:00,,,,,0,0,False,False,True,UP,UP,UP
1788284171345,2026-09-01T17:36:11.345000+00:00,,,,,0,0,False,False,True,UP,UP,UP
1788284171545,2026-09-01T17:36:11.545000+00:00,,,,,0,0,False,False,True,UP,UP,UP
1788284171746,2026-09-01T17:36:11.746000+00:00,,,,,0,0,False,False,True,UP,UP,UP
1788284171947,2026-09-01T17:36:11.947000+00:00,,,,,0,0,False,False,True,UP,UP,UP
1788284172148,2026-09-01T17:36:12.148000+00:00,,,,,0,0,False,False,True,UP,UP,UP
1788284172348,2026-09-01T17:36:12.348000+00:00,,,,,0,0,False,False,True,UP,UP,UP
1788284172549,2026-09-01T17:36:12.549000+00:00,,,,,0,0,False,False,True,UP,UP,UP
1788284172750,2026-09-01T17:36:12.750000+00:00,,,,,0,0,False,False,True,UP,UP,UP
1788284172951,2026-09-01T17:36:12.951000+00:00,,,,,0,0,False,False,True,UP,UP,UP
1788284173153,2026-09-01T17:36:13.153000+00:00,,,,,0,0,False,False,True,UP,UP,UP
1788284173353,2026-09-01T17:36:13.353000+00:00,,,,,0,0,False,False,True,UP,UP,UP
1788284173554,2026-09-01T17:36:13.554000+00:00,,,,,0,0,False,False,True,UP,UP,UP
1788284173754,2026-09-01T17:36:13.754000+00:00,,,,,0,0,False,False,True,UP,UP,UP
1788284173956,2026-09-01T17:36:13.956000+00:00,,,,,0,0,False,False,True,UP,UP,UP
1788284174157,2026-09-01T17:36:14.157000+00:00,,,,,0,0,False,False,True,UP,UP,UP
1788284174358,2026-09-01T17:36:14.358000+00:00,,,,,0,0,False,False,True,UP,UP,UP
1788284174559,2026-09-01T17:36:14.559000+00:00,,,,,0,0,False,False,True,UP,UP,UP
1788284174760,2026-09-01T17:36:14.760000+00:00,,,,,0,0,False,False,True,UP,UP,UP
1788284174961,2026-09-01T17:36:14.961000+00:00,,,,,0,0,False,False,True,UP,UP,UP
1788284175162,2026-09-01T17:36:15.162000+00:00,,,,,0,0,False,False,True,UP,UP,UP
1788284175362,2026-09-01T17:36:15.362000+00:00,,,,,0,0,False,False,True,UP,UP,UP
1788284175563,2026-09-01T17:36:15.563000+00:00,,,,,0,0,False,False,True,UP,UP,UP
1788284175764,2026-09-01T17:36:15.764000+00:00,,,,,0,0,False,False,True,UP,UP,UP
1788284175965,2026-09-01T17:36:15.965000+00:00,,,,,0,0,False,False,True,UP,UP,UP
1788284176166,2026-09-01T17:36:16.166000+00:00,,,,,0,0,False,False,True,UP,UP,UP
1788284176367,2026-09-01T17:36:16.367000+00:00,,,,,0,0,False,False,True,UP,UP,UP
1788284176568,2026-09-01T17:36:16.568000+00:00,,,,,0,0,False,False,True,UP,UP,UP
1788284176769,2026-09-01T17:36:16.769000+00:00,,,,,0,0,False,False,True,UP,UP,UP
1788284176970,2026-09-01T17:36:16.970000+00:00,,,,,0,0,False,False,True,UP,UP,UP
1788284177170,2026-09-01T17:36:17.170000+00:00,,,,,0,0,False,False,True,UP,UP,UP
1788284177372,2026-09-01T17:36:17.372000+00:00,,,,,0,0,False,False,True,UP,UP,UP
1788284177573,2026-09-01T17:36:17.573000+00:00,,,,,0,0,False,False,True,UP,UP,UP
1788284177774,2026-09-01T17:36:17.774000+00:00,,,,,0,0,False,False,True,UP,UP,UP
1788284177975,2026-09-01T17:36:17.975000+00:00,,,,,0,0,False,False,True,UP,UP,UP
1788284178176,2026-09-01T17:36:18.176000+00:00,,,,,0,0,False,False,True,UP,UP,UP
1788284178377,2026-09-01T17:36:18.377000+00:00,,,,,0,0,False,False,True,UP,UP,UP
1788284178578,2026-09-01T17:36:18.578000+00:00,,,,,0,0,False,False,True,UP,UP,UP
1788284178779,2026-09-01T17:36:18.779000+00:00,,,,,0,0,False,False,True,UP,UP,UP
1788284178980,2026-09-01T17:36:18.980000+00:00,,,,,0,0,False,False,True,UP,UP,UP
1788284179181,2026-09-01T17:36:19.181000+00:00,,,,,0,0,False,False,True,UP,UP,UP
1788284179382,2026-09-01T17:36:19.382000+00:00,,,,,0,0,False,False,True,UP,UP,UP
1788284179583,2026-09-01T17:36:19.583000+00:00,,,,,0,0,False,False,True,UP,UP,UP
1788284179783,2026-09-01T17:36:19.783000+00:00,,,,,0,0,False,False,True,UP,UP,UP
1788284179985,2026-09-01T17:36:19.985000+00:00,,,,,0,0,False,False,True,UP,UP,UP
1788284180186,2026-09-01T17:36:20.186000+00:00,,,,,0,0,False,False,True,UP,UP,UP
1788284180387,2026-09-01T17:36:20.387000+00:00,,,,,0,0,False,False,True,UP,UP,UP
1788284180588,2026-09-01T17:36:20.588000+00:00,,,,,0,0,False,False,True,UP,UP,UP
1788284180789,2026-09-01T17:36:20.789000+00:00,,,,,0,0,False,False,True,UP,UP,UP
1788284180989,2026-09-01T17:36:20.989000+00:00,,,,,0,0,False,False,True,UP,UP,UP
1788284181190,2026-09-01T17:36:21.190000+00:00,,,,,0,0,False,False,True,UP,UP,UP
1788284181391,2026-09-01T17:36:21.391000+00:00,,,,,0,0,False,False,True,UP,UP,UP
1788284181592,2026-09-01T17:36:21.592000+00:00,,,,,0,0,False,False,True,UP,UP,UP
1788284181793,2026-09-01T17:36:21.793000+00:00,,,,,0,0,False,False,True,UP,UP,UP
1788284181994,2026-09-01T17:36:21.994000+00:00,,,,,0,0,False,False,True,UP,UP,UP
1788284182195,2026-09-01T17:36:22.195000+00:00,,,,,0,0,False,False,True,UP,UP,UP
1788284182396,2026-09-01T17:36:22.396000+00:00,,,,,0,0,False,False,True,UP,UP,UP
1788284182597,2026-09-01T17:36:22.597000+00:00,,,,,0,0,False,False,True,UP,UP,UP
1788284182798,2026-09-01T17:36:22.798000+00:00,,,,,0,0,False,False,True,UP,UP,UP
1788284182999,2026-09-01T17:36:22.999000+00:00,,,,,0,0,False,False,True,UP,UP,UP
1788284183200,2026-09-01T17:36:23.200000+00:00,,,,,0,0,False,False,True,UP,UP,UP
1788284183401,2026-09-01T17:36:23.401000+00:00,,,,,0,0,False,False,True,UP,UP,UP
1788284183603,2026-09-01T17:36:23.603000+00:00,,,,,0,0,False,False,True,UP,UP,UP
1788284183804,2026-09-01T17:36:23.804000+00:00,,,,,0,0,False,False,True,UP,UP,UP
1788284184005,2026-09-01T17:36:24.005000+00:00,,,,,0,0,False,False,True,UP,UP,UP
1788284184206,2026-09-01T17:36:24.206000+00:00,,,,,0,0,False,False,True,UP,UP,UP
1788284184407,2026-09-01T17:36:24.407000+00:00,,,,,0,0,False,False,True,UP,UP,UP
1788284184607,2026-09-01T17:36:24.607000+00:00,,,,,0,0,False,False,True,UP,UP,UP
1788284184808,2026-09-01T17:36:24.808000+00:00,,,,,0,0,False,False,True,UP,UP,UP
1788284185009,2026-09-01T17:36:25.009000+00:00,,,,,0,0,False,False,True,UP,UP,UP
1788284185210,2026-09-01T17:36:25.210000+00:00,,,,,0,0,False,False,True,UP,UP,UP
1788284185411,2026-09-01T17:36:25.411000+00:00,,,,,0,0,False,False,True,UP,UP,UP
1788284185612,2026-09-01T17:36:25.612000+00:00,,,,,0,0,False,False,True,UP,UP,UP
1788284185813,2026-09-01T17:36:25.813000+00:00,,,,,0,0,False,False,True,UP,UP,UP
1788284186014,2026-09-01T17:36:26.014000+00:00,,,,,0,0,False,False,True,UP,UP,UP
1788284186214,2026-09-01T17:36:26.214000+00:00,,,,,0,0,False,False,True,UP,UP,UP
1788284186415,2026-09-01T17:36:26.415000+00:00,,,,,0,0,False,False,True,UP,UP,UP
1788284186616,2026-09-01T17:36:26.616000+00:00,,,,,0,0,False,False,True,UP,UP,UP
1788284186817,2026-09-01T17:36:26.817000+00:00,,,,,0,0,False,False,True,UP,UP,UP
1788284187018,2026-09-01T17:36:27.018000+00:00,,,,,0,0,False,False,True,UP,UP,UP
1788284187219,2026-09-01T17:36:27.219000+00:00,,,,,0,0,False,False,True,UP,UP,UP
1788284187419,2026-09-01T17:36:27.419000+00:00,,,,,0,0,False,False,True,UP,UP,UP
1788284187620,2026-09-01T17:36:27.620000+00:00,,,,,0,0,False,False,True,UP,UP,UP
1788284187821,2026-09-01T17:36:27.821000+00:00,,,,,0,0,False,False,True,UP,UP,UP
1788284188022,2026-09-01T17:36:28.022000+00:00,,,,,0,0,False,False,True,UP,UP,UP
1788284188223,2026-09-01T17:36:28.223000+00:00,,,,,0,0,False,False,True,UP,UP,UP
1788284188424,2026-09-01T17:36:28.424000+00:00,,,,,0,0,False,False,True,UP,UP,UP
1788284188625,2026-09-01T17:36:28.625000+00:00,,,,,0,0,False,False,True,UP,UP,UP
1788284188826,2026-09-01T17:36:28.826000+00:00,,,,,0,0,False,False,True,UP,UP,UP
1788284189027,2026-09-01T17:36:29.027000+00:00,,,,,0,0,False,False,True,UP,UP,UP
1788284189228,2026-09-01T17:36:29.228000+00:00,,,,,0,0,False,False,True,UP,UP,UP
1788284189429,2026-09-01T17:36:29.429000+00:00,,,,,0,0,False,False,True,UP,UP,UP
1788284189630,2026-09-01T17:36:29.630000+00:00,,,,,0,0,False,False,True,UP,UP,UP
1788284189830,2026-09-01T17:36:29.830000+00:00,,,,,0,0,False,False,True,UP,UP,UP
1788284190031,2026-09-01T17:36:30.031000+00:00,,,,,0,0,False,False,True,UP,UP,UP
1788284190232,2026-09-01T17:36:30.232000+00:00,,,,,0,0,False,False,True,UP,UP,UP
1788284190432,2026-09-01T17:36:30.432000+00:00,,,,,0,0,False,False,True,UP,UP,UP
1788284190633,2026-09-01T17:36:30.633000+00:00,,,,,0,0,False,False,True,UP,UP,UP
1788284190834,2026-09-01T17:36:30.834000+00:00,,,,,0,0,False,False,True,UP,UP,UP
1788284191035,2026-09-01T17:36:31.035000+00:00,,,,,0,0,False,False,True,UP,UP,UP
1788284191236,2026-09-01T17:36:31.236000+00:00,,,,,0,0,False,False,True,UP,UP,UP
1788284191436,2026-09-01T17:36:31.436000+00:00,,,,,0,0,False,False,True,UP,UP,UP
1788284191637,2026-09-01T17:36:31.637000+00:00,,,,,0,0,False,False,True,UP,UP,UP
1788284191838,2026-09-01T17:36:31.838000+00:00,,,,,0,0,False,False,True,UP,UP,UP
1788284192039,2026-09-01T17:36:32.039000+00:00,,,,,0,0,False,False,True,UP,UP,UP
1788284192240,2026-09-01T17:36:32.240000+00:00,,,,,0,0,False,False,True,UP,UP,UP
1788284192440,2026-09-01T17:36:32.440000+00:00,,,,,0,0,False,False,True,UP,UP,UP
1788284192641,2026-09-01T17:36:32.641000+00:00,,,,,0,0,False,False,True,UP,UP,UP
1788284192842,2026-09-01T17:36:32.842000+00:00,,,,,0,0,False,False,True,UP,UP,UP
1788284193043,2026-09-01T17:36:33.043000+00:00,,,,,0,0,False,False,True,UP,UP,UP
1788284193244,2026-09-01T17:36:33.244000+00:00,,,,,0,0,False,False,True,UP,UP,UP
1788284193445,2026-09-01T17:36:33.445000+00:00,,,,,0,0,False,False,True,UP,UP,UP
1788284193646,2026-09-01T17:36:33.646000+00:00,,,,,0,0,False,False,True,UP,UP,UP
1788284193847,2026-09-01T17:36:33.847000+00:00,,,,,0,0,False,False,True,UP,UP,UP
1788284194048,2026-09-01T17:36:34.048000+00:00,,,,,0,0,False,False,True,UP,UP,UP
1788284194248,2026-09-01T17:36:34.248000+00:00,,,,,0,0,False,False,True,UP,UP,UP
1788284194449,2026-09-01T17:36:34.449000+00:00,,,,,0,0,False,False,True,UP,UP,UP
1788284194651,2026-09-01T17:36:34.651000+00:00,,,,,0,0,False,False,True,UP,UP,UP
1788284194851,2026-09-01T17:36:34.851000+00:00,,,,,0,0,False,False,True,UP,UP,UP
1788284195052,2026-09-01T17:36:35.052000+00:00,,,,,0,0,False,False,True,UP,UP,UP
1788284195253,2026-09-01T17:36:35.253000+00:00,,,,,0,0,False,False,True,UP,UP,UP
1788284195453,2026-09-01T17:36:35.453000+00:00,,,,,0,0,False,False,True,UP,UP,UP
1788284195654,2026-09-01T17:36:35.654000+00:00,,,,,0,0,False,False,True,UP,UP,UP
1788284195856,2026-09-01T17:36:35.856000+00:00,,,,,0,0,False,False,True,UP,UP,UP
1788284196056,2026-09-01T17:36:36.056000+00:00,,,,,0,0,False,False,True,UP,UP,UP
1788284196257,2026-09-01T17:36:36.257000+00:00,,,,,0,0,False,False,True,UP,UP,UP
1788284196458,2026-09-01T17:36:36.458000+00:00,,,,,0,0,False,False,True,UP,UP,UP
1788284196659,2026-09-01T17:36:36.659000+00:00,,,,,0,0,False,False,True,UP,UP,UP
1788284196860,2026-09-01T17:36:36.860000+00:00,,,,,0,0,False,False,True,UP,UP,UP
1788284197061,2026-09-01T17:36:37.061000+00:00,,,,,0,0,False,False,True,UP,UP,UP
1788284197262,2026-09-01T17:36:37.262000+00:00,,,,,0,0,False,False,True,UP,UP,UP
1788284197463,2026-09-01T17:36:37.463000+00:00,,,,,0,0,False,False,True,UP,UP,UP
1788284197664,2026-09-01T17:36:37.664000+00:00,,,,,0,0,False,False,True,UP,UP,UP
1788284197865,2026-09-01T17:36:37.865000+00:00,,,,,0,0,False,False,True,UP,UP,UP
1788284198066,2026-09-01T17:36:38.066000+00:00,,,,,0,0,False,False,True,UP,UP,UP
1788284198267,2026-09-01T17:36:38.267000+00:00,,,,,0,0,False,False,True,UP,UP,UP
1788284198468,2026-09-01T17:36:38.468000+00:00,,,,,0,0,False,False,True,UP,UP,UP
1788284198669,2026-09-01T17:36:38.669000+00:00,,,,,0,0,False,False,True,UP,UP,UP
1788284198869,2026-09-01T17:36:38.869000+00:00,,,,,0,0,False,False,True,UP,UP,UP
1788284199070,2026-09-01T17:36:39.070000+00:00,,,,,0,0,False,False,True,UP,UP,UP
1788284199272,2026-09-01T17:36:39.272000+00:00,,,,,0,0,False,False,True,UP,UP,UP
1788284199473,2026-09-01T17:36:39.473000+00:00,,,,,0,0,False,False,True,UP,UP,UP
1788284199673,2026-09-01T17:36:39.673000+00:00,,,,,0,0,False,False,True,UP,UP,UP
1788284199874,2026-09-01T17:36:39.874000+00:00,,,,,0,0,False,False,True,UP,UP,UP
1788284200075,2026-09-01T17:36:40.075000+00:00,,,,,0,0,False,False,True,UP,UP,UP
1788284200276,2026-09-01T17:36:40.276000+00:00,,,,,0,0,False,False,True,UP,UP,UP
1788284200477,2026-09-01T17:36:40.477000+00:00,,,,,0,0,False,False,True,UP,UP,UP
1788284200678,2026-09-01T17:36:40.678000+00:00,,,,,0,0,False,False,True,UP,UP,UP
1788284200879,2026-09-01T17:36:40.879000+00:00,,,,,0,0,False,False,True,UP,UP,UP
1788284201080,2026-09-01T17:36:41.080000+00:00,,,,,0,0,False,False,True,UP,UP,UP
1788284201281,2026-09-01T17:36:41.281000+00:00,,,,,0,0,False,False,True,UP,UP,UP
1788284201481,2026-09-01T17:36:41.481000+00:00,,,,,0,0,False,False,True,UP,UP,UP
1788284201682,2026-09-01T17:36:41.682000+00:00,,,,,0,0,False,False,True,UP,UP,UP
1788284201882,2026-09-01T17:36:41.882000+00:00,,,,,0,0,False,False,True,UP,UP,UP
1788284202083,2026-09-01T17:36:42.083000+00:00,,,,,0,0,False,False,True,UP,UP,UP
1788284202284,2026-09-01T17:36:42.284000+00:00,,,,,0,0,False,False,True,UP,UP,UP
1788284202485,2026-09-01T17:36:42.485000+00:00,,,,,0,0,False,False,True,UP,UP,UP
1788284202686,2026-09-01T17:36:42.686000+00:00,,,,,0,0,False,False,True,UP,UP,UP
1788284202887,2026-09-01T17:36:42.887000+00:00,,,,,0,0,False,False,True,UP,UP,UP
1788284203087,2026-09-01T17:36:43.087000+00:00,,,,,0,0,False,False,True,UP,UP,UP
1788284203288,2026-09-01T17:36:43.288000+00:00,,,,,0,0,False,False,True,UP,UP,UP
1788284203489,2026-09-01T17:36:43.489000+00:00,,,,,0,0,False,False,True,UP,UP,UP
1788284203690,2026-09-01T17:36:43.690000+00:00,,,,,0,0,False,False,True,UP,UP,UP
1788284203890,2026-09-01T17:36:43.890000+00:00,,,,,0,0,False,False,True,UP,UP,UP
1788284204091,2026-09-01T17:36:44.091000+00:00,,,,,0,0,False,False,True,UP,UP,UP
1788284204292,2026-09-01T17:36:44.292000+00:00,,,,,0,0,False,False,True,UP,UP,UP
1788284204493,2026-09-01T17:36:44.493000+00:00,,,,,0,0,False,False,True,UP,UP,UP
1788284204694,2026-09-01T17:36:44.694000+00:00,,,,,0,0,False,False,True,UP,UP,UP
1788284204895,2026-09-01T17:36:44.895000+00:00,,,,,0,0,False,False,True,UP,UP,UP
1788284205096,2026-09-01T17:36:45.096000+00:00,,,,,0,0,False,False,True,UP,UP,UP
1788284205297,2026-09-01T17:36:45.297000+00:00,,,,,0,0,False,False,True,UP,UP,UP
1788284205497,2026-09-01T17:36:45.497000+00:00,,,,,0,0,False,False,True,UP,UP,UP
1788284205699,2026-09-01T17:36:45.699000+00:00,,,,,0,0,False,False,True,UP,UP,UP
1788284205900,2026-09-01T17:36:45.900000+00:00,,,,,0,0,False,False,True,UP,UP,UP
1788284206120,2026-09-01T17:36:46.120000+00:00,,,,,0,0,False,False,True,UP,UP,UP
1788284206321,2026-09-01T17:36:46.321000+00:00,,,,,0,0,False,False,True,UP,UP,UP
1788284206522,2026-09-01T17:36:46.522000+00:00,,,,,0,0,False,False,True,UP,UP,UP
1788284206722,2026-09-01T17:36:46.722000+00:00,,,,,0,0,False,False,True,UP,UP,UP
1788284206923,2026-09-01T17:36:46.923000+00:00,,,,,0,0,False,False,True,UP,UP,UP
1788284207123,2026-09-01T17:36:47.123000+00:00,,,,,0,0,False,False,True,UP,UP,UP
1788284207324,2026-09-01T17:36:47.324000+00:00,,,,,0,0,False,False,True,UP,UP,UP
1788284207525,2026-09-01T17:36:47.525000+00:00,,,,,0,0,False,False,True,UP,UP,UP
1788284207726,2026-09-01T17:36:47.726000+00:00,,,,,0,0,False,False,True,UP,UP,UP
1788284207927,2026-09-01T17:36:47.927000+00:00,,,,,0,0,False,False,True,UP,UP,UP
1788284208127,2026-09-01T17:36:48.127000+00:00,,,,,0,0,False,False,True,UP,UP,UP
1788284208328,2026-09-01T17:36:48.328000+00:00,,,,,0,0,False,False,True,UP,UP,UP
1788284208529,2026-09-01T17:36:48.529000+00:00,,,,,0,0,False,False,True,UP,UP,UP
1788284208729,2026-09-01T17:36:48.729000+00:00,,,,,0,0,False,False,True,UP,UP,UP
1788284208930,2026-09-01T17:36:48.930000+00:00,,,,,0,0,False,False,True,UP,UP,UP
1788284209131,2026-09-01T17:36:49.131000+00:00,,,,,0,0,False,False,True,UP,UP,UP
1788284209332,2026-09-01T17:36:49.332000+00:00,,,,,0,0,False,False,True,UP,UP,UP
1788284209533,2026-09-01T17:36:49.533000+00:00,,,,,0,0,False,False,True,UP,UP,UP
1788284209734,2026-09-01T17:36:49.734000+00:00,,,,,0,0,False,False,True,UP,UP,UP
1788284209935,2026-09-01T17:36:49.935000+00:00,,,,,0,0,False,False,True,UP,UP,UP
1788284210135,2026-09-01T17:36:50.135000+00:00,,,,,0,0,False,False,True,UP,UP,UP
1788284210336,2026-09-01T17:36:50.336000+00:00,,,,,0,0,False,False,True,UP,UP,UP
1788284210537,2026-09-01T17:36:50.537000+00:00,,,,,0,0,False,False,True,UP,UP,UP
1788284210738,2026-09-01T17:36:50.738000+00:00,,,,,0,0,False,False,True,UP,UP,UP
1788284210939,2026-09-01T17:36:50.939000+00:00,,,,,0,0,False,False,True,UP,UP,UP
1788284211140,2026-09-01T17:36:51.140000+00:00,,,,,0,0,False,False,True,UP,UP,UP
1788284211341,2026-09-01T17:36:51.341000+00:00,,,,,0,0,False,False,True,UP,UP,UP
1788284211542,2026-09-01T17:36:51.542000+00:00,,,,,0,0,False,False,True,UP,UP,UP
1788284211742,2026-09-01T17:36:51.742000+00:00,,,,,0,0,False,False,True,UP,UP,UP
1788284211943,2026-09-01T17:36:51.943000+00:00,,,,,0,0,False,False,True,UP,UP,UP
1788284212144,2026-09-01T17:36:52.144000+00:00,,,,,0,0,False,False,True,UP,UP,UP
1788284212345,2026-09-01T17:36:52.345000+00:00,,,,,0,0,False,False,True,UP,UP,UP
1788284212547,2026-09-01T17:36:52.547000+00:00,,,,,0,0,False,False,True,UP,UP,UP
1788284212748,2026-09-01T17:36:52.748000+00:00,,,,,0,0,False,False,True,UP,UP,UP
1788284212949,2026-09-01T17:36:52.949000+00:00,,,,,0,0,False,False,True,UP,UP,UP
1788284213150,2026-09-01T17:36:53.150000+00:00,,,,,0,0,False,False,True,UP,UP,UP
1788284213351,2026-09-01T17:36:53.351000+00:00,,,,,0,0,False,False,True,UP,UP,UP
1788284213552,2026-09-01T17:36:53.552000+00:00,,,,,0,0,False,False,True,UP,UP,UP
1788284213752,2026-09-01T17:36:53.752000+00:00,,,,,0,0,False,False,True,UP,UP,UP
1788284213954,2026-09-01T17:36:53.954000+00:00,,,,,0,0,False,False,True,UP,UP,UP
1788284214155,2026-09-01T17:36:54.155000+00:00,,,,,0,0,False,False,True,UP,UP,UP
1788284214356,2026-09-01T17:36:54.356000+00:00,,,,,0,0,False,False,True,UP,UP,UP
1788284214557,2026-09-01T17:36:54.557000+00:00,,,,,0,0,False,False,True,UP,UP,UP
1788284214757,2026-09-01T17:36:54.757000+00:00,,,,,0,0,False,False,True,UP,UP,UP
1788284214958,2026-09-01T17:36:54.958000+00:00,,,,,0,0,False,False,True,UP,UP,UP
1788284215159,2026-09-01T17:36:55.159000+00:00,,,,,0,0,False,False,True,UP,UP,UP
1788284215360,2026-09-01T17:36:55.360000+00:00,,,,,0,0,False,False,True,UP,UP,UP
1788284215561,2026-09-01T17:36:55.561000+00:00,,,,,0,0,False,False,True,UP,UP,UP
1788284215762,2026-09-01T17:36:55.762000+00:00,,,,,0,0,False,False,True,UP,UP,UP
1788284215963,2026-09-01T17:36:55.963000+00:00,,,,,0,0,False,False,True,UP,UP,UP
1788284216163,2026-09-01T17:36:56.163000+00:00,,,,,0,0,False,False,True,UP,UP,UP
1788284216364,2026-09-01T17:36:56.364000+00:00,,,,,0,0,False,False,True,UP,UP,UP
1788284216565,2026-09-01T17:36:56.565000+00:00,,,,,0,0,False,False,True,UP,UP,UP
1788284216766,2026-09-01T17:36:56.766000+00:00,,,,,0,0,False,False,True,UP,UP,UP
1788284216967,2026-09-01T17:36:56.967000+00:00,,,,,0,0,False,False,True,UP,UP,UP
1788284217168,2026-09-01T17:36:57.168000+00:00,,,,,0,0,False,False,True,UP,UP,UP
1788284217369,2026-09-01T17:36:57.369000+00:00,,,,,0,0,False,False,True,UP,UP,UP
1788284217569,2026-09-01T17:36:57.569000+00:00,,,,,0,0,False,False,True,UP,UP,UP
1788284217770,2026-09-01T17:36:57.770000+00:00,,,,,0,0,False,False,True,UP,UP,UP
1788284217971,2026-09-01T17:36:57.971000+00:00,,,,,0,0,False,False,True,UP,UP,UP
1788284218172,2026-09-01T17:36:58.172000+00:00,,,,,0,0,False,False,True,UP,UP,UP
1788284218373,2026-09-01T17:36:58.373000+00:00,,,,,0,0,False,False,True,UP,UP,UP
1788284218573,2026-09-01T17:36:58.573000+00:00,,,,,0,0,False,False,True,UP,UP,UP
1788284218774,2026-09-01T17:36:58.774000+00:00,,,,,0,0,False,False,True,UP,UP,UP
1788284218975,2026-09-01T17:36:58.975000+00:00,,,,,0,0,False,False,True,UP,UP,UP
1788284219176,2026-09-01T17:36:59.176000+00:00,,,,,0,0,False,False,True,UP,UP,UP
1788284219377,2026-09-01T17:36:59.377000+00:00,,,,,0,0,False,False,True,UP,UP,UP
1788284219578,2026-09-01T17:36:59.578000+00:00,,,,,0,0,False,False,True,UP,UP,UP
1788284219779,2026-09-01T17:36:59.779000+00:00,,,,,0,0,False,False,True,UP,UP,UP
1788284219980,2026-09-01T17:36:59.980000+00:00,,,,,0,0,False,False,True,UP,UP,UP
1788284220181,2026-09-01T17:37:00.181000+00:00,,,,,0,0,False,False,True,UP,UP,UP
1788284220381,2026-09-01T17:37:00.381000+00:00,,,,,0,0,False,False,True,UP,UP,UP
1788284220582,2026-09-01T17:37:00.582000+00:00,,,,,0,0,False,False,True,UP,UP,UP
1788284220783,2026-09-01T17:37:00.783000+00:00,,,,,0,0,False,False,True,UP,UP,UP
1788284220984,2026-09-01T17:37:00.984000+00:00,,,,,0,0,False,False,True,UP,UP,UP
1788284221185,2026-09-01T17:37:01.185000+00:00,,,,,0,0,False,False,True,UP,UP,UP
1788284221386,2026-09-01T17:37:01.386000+00:00,,,,,0,0,False,False,True,UP,UP,UP
1788284221587,2026-09-01T17:37:01.587000+00:00,,,,,0,0,False,False,True,UP,UP,UP
1788284221788,2026-09-01T17:37:01.788000+00:00,,,,,0,0,False,False,True,UP,UP,UP
1788284221988,2026-09-01T17:37:01.988000+00:00,,,,,0,0,False,False,True,UP,UP,UP
1788284222189,2026-09-01T17:37:02.189000+00:00,,,,,0,0,False,False,True,UP,UP,UP
1788284222390,2026-09-01T17:37:02.390000+00:00,,,,,0,0,False,False,True,UP,UP,UP
1788284222591,2026-09-01T17:37:02.591000+00:00,,,,,0,0,False,False,True,UP,UP,UP
1788284222792,2026-09-01T17:37:02.792000+00:00,,,,,0,0,False,False,True,UP,UP,UP
1788284222992,2026-09-01T17:37:02.992000+00:00,,,,,0,0,False,False,True,UP,UP,UP
1788284223193,2026-09-01T17:37:03.193000+00:00,,,,,0,0,False,False,True,UP,UP,UP
1788284223394,2026-09-01T17:37:03.394000+00:00,,,,,0,0,False,False,True,UP,UP,UP
1788284223595,2026-09-01T17:37:03.595000+00:00,,,,,0,0,False,False,True,UP,UP,UP
1788284223795,2026-09-01T17:37:03.795000+00:00,,,,,0,0,False,False,True,UP,UP,UP
1788284223996,2026-09-01T17:37:03.996000+00:00,,,,,0,0,False,False,True,UP,UP,UP
1788284224197,2026-09-01T17:37:04.197000+00:00,,,,,0,0,False,False,True,UP,UP,UP
1788284224397,2026-09-01T17:37:04.397000+00:00,,,,,0,0,False,False,True,UP,UP,UP
1788284224598,2026-09-01T17:37:04.598000+00:00,,,,,0,0,False,False,True,UP,UP,UP
1788284224799,2026-09-01T17:37:04.799000+00:00,,,,,0,0,False,False,True,UP,UP,UP
1788284225000,2026-09-01T17:37:05+00:00,,,,,0,0,False,False,True,UP,UP,UP
1788284225201,2026-09-01T17:37:05.201000+00:00,,,,,0,0,False,False,True,UP,UP,UP
1788284225402,2026-09-01T17:37:05.402000+00:00,,,,,0,0,False,False,True,UP,UP,UP
1788284225602,2026-09-01T17:37:05.602000+00:00,,,,,0,0,False,False,True,UP,UP,UP
1788284225803,2026-09-01T17:37:05.803000+00:00,,,,,0,0,False,False,True,UP,UP,UP
1788284226004,2026-09-01T17:37:06.004000+00:00,,,,,0,0,False,False,True,UP,UP,UP
1788284226205,2026-09-01T17:37:06.205000+00:00,,,,,0,0,False,False,True,UP,UP,UP
1788284226406,2026-09-01T17:37:06.406000+00:00,,,,,0,0,False,False,True,UP,UP,UP
1788284226607,2026-09-01T17:37:06.607000+00:00,,,,,0,0,False,False,True,UP,UP,UP
1788284226808,2026-09-01T17:37:06.808000+00:00,,,,,0,0,False,False,True,UP,UP,UP
1788284227008,2026-09-01T17:37:07.008000+00:00,,,,,0,0,False,False,True,UP,UP,UP
1788284227209,2026-09-01T17:37:07.209000+00:00,,,,,0,0,False,False,True,UP,UP,UP
1788284227410,2026-09-01T17:37:07.410000+00:00,,,,,0,0,False,False,True,UP,UP,UP
1788284227610,2026-09-01T17:37:07.610000+00:00,,,,,0,0,False,False,True,UP,UP,UP
1788284227811,2026-09-01T17:37:07.811000+00:00,,,,,0,0,False,False,True,UP,UP,UP
1788284228013,2026-09-01T17:37:08.013000+00:00,,,,,0,0,False,False,True,UP,UP,UP
1788284228214,2026-09-01T17:37:08.214000+00:00,,,,,0,0,False,False,True,UP,UP,UP
1788284228415,2026-09-01T17:37:08.415000+00:00,,,,,0,0,False,False,True,UP,UP,UP
1788284228616,2026-09-01T17:37:08.616000+00:00,,,,,0,0,False,False,True,UP,UP,UP
1788284228816,2026-09-01T17:37:08.816000+00:00,,,,,0,0,False,False,True,UP,UP,UP
1788284229017,2026-09-01T17:37:09.017000+00:00,,,,,0,0,False,False,True,UP,UP,UP
1788284229218,2026-09-01T17:37:09.218000+00:00,,,,,0,0,False,False,True,UP,UP,UP
1788284229419,2026-09-01T17:37:09.419000+00:00,,,,,0,0,False,False,True,UP,UP,UP
1788284229619,2026-09-01T17:37:09.619000+00:00,,,,,0,0,False,False,True,UP,UP,UP
1788284229820,2026-09-01T17:37:09.820000+00:00,,,,,0,0,False,False,True,UP,UP,UP
1788284230021,2026-09-01T17:37:10.021000+00:00,,,,,0,0,False,False,True,UP,UP,UP
1788284230222,2026-09-01T17:37:10.222000+00:00,,,,,0,0,False,False,True,UP,UP,UP
1788284230423,2026-09-01T17:37:10.423000+00:00,,,,,0,0,False,False,True,UP,UP,UP
1788284230623,2026-09-01T17:37:10.623000+00:00,,,,,0,0,False,False,True,UP,UP,UP
1788284230824,2026-09-01T17:37:10.824000+00:00,,,,,0,0,False,False,True,UP,UP,UP
1788284231025,2026-09-01T17:37:11.025000+00:00,,,,,0,0,False,False,True,UP,UP,UP
1788284231226,2026-09-01T17:37:11.226000+00:00,,,,,0,0,False,False,True,UP,UP,UP
1788284231426,2026-09-01T17:37:11.426000+00:00,,,,,0,0,False,False,True,UP,UP,UP
1788284231627,2026-09-01T17:37:11.627000+00:00,,,,,0,0,False,False,True,UP,UP,UP
1788284231828,2026-09-01T17:37:11.828000+00:00,,,,,0,0,False,False,True,UP,UP,UP
1788284232029,2026-09-01T17:37:12.029000+00:00,,,,,0,0,False,False,True,UP,UP,UP
1788284232230,2026-09-01T17:37:12.230000+00:00,,,,,0,0,False,False,True,UP,UP,UP
1788284232431,2026-09-01T17:37:12.431000+00:00,,,,,0,0,False,False,True,UP,UP,UP
1788284232632,2026-09-01T17:37:12.632000+00:00,,,,,0,0,False,False,True,UP,UP,UP
1788284232832,2026-09-01T17:37:12.832000+00:00,,,,,0,0,False,False,True,UP,UP,UP
1788284233033,2026-09-01T17:37:13.033000+00:00,,,,,0,0,False,False,True,UP,UP,UP
1788284233234,2026-09-01T17:37:13.234000+00:00,,,,,0,0,False,False,True,UP,UP,UP
1788284233435,2026-09-01T17:37:13.435000+00:00,,,,,0,0,False,False,True,UP,UP,UP
1788284233636,2026-09-01T17:37:13.636000+00:00,,,,,0,0,False,False,True,UP,UP,UP
1788284233837,2026-09-01T17:37:13.837000+00:00,,,,,0,0,False,False,True,UP,UP,UP
1788284234037,2026-09-01T17:37:14.037000+00:00,,,,,0,0,False,False,True,UP,UP,UP
1788284234238,2026-09-01T17:37:14.238000+00:00,,,,,0,0,False,False,True,UP,UP,UP
1788284234439,2026-09-01T17:37:14.439000+00:00,,,,,0,0,False,False,True,UP,UP,UP
1788284234640,2026-09-01T17:37:14.640000+00:00,,,,,0,0,False,False,True,UP,UP,UP
1788284234841,2026-09-01T17:37:14.841000+00:00,,,,,0,0,False,False,True,UP,UP,UP
1788284235042,2026-09-01T17:37:15.042000+00:00,,,,,0,0,False,False,True,UP,UP,UP
1788284235242,2026-09-01T17:37:15.242000+00:00,,,,,0,0,False,False,True,UP,UP,UP
1788284235443,2026-09-01T17:37:15.443000+00:00,,,,,0,0,False,False,True,UP,UP,UP
1788284235644,2026-09-01T17:37:15.644000+00:00,,,,,0,0,False,False,True,UP,UP,UP
1788284235845,2026-09-01T17:37:15.845000+00:00,,,,,0,0,False,False,True,UP,UP,UP
1788284236045,2026-09-01T17:37:16.045000+00:00,,,,,0,0,False,False,True,UP,UP,UP
1788284236246,2026-09-01T17:37:16.246000+00:00,,,,,0,0,False,False,True,UP,UP,UP
1788284236447,2026-09-01T17:37:16.447000+00:00,,,,,0,0,False,False,True,UP,UP,UP
1788284236648,2026-09-01T17:37:16.648000+00:00,,,,,0,0,False,False,True,UP,UP,UP
1788284236848,2026-09-01T17:37:16.848000+00:00,,,,,0,0,False,False,True,UP,UP,UP
1788284237049,2026-09-01T17:37:17.049000+00:00,,,,,0,0,False,False,True,UP,UP,UP
1788284237250,2026-09-01T17:37:17.250000+00:00,,,,,0,0,False,False,True,UP,UP,UP
1788284237450,2026-09-01T17:37:17.450000+00:00,,,,,0,0,False,False,True,UP,UP,UP
1788284237651,2026-09-01T17:37:17.651000+00:00,,,,,0,0,False,False,True,UP,UP,UP
1788284237852,2026-09-01T17:37:17.852000+00:00,,,,,0,0,False,False,True,UP,UP,UP
1788284238053,2026-09-01T17:37:18.053000+00:00,,,,,0,0,False,False,True,UP,UP,UP
1788284238254,2026-09-01T17:37:18.254000+00:00,,,,,0,0,False,False,True,UP,UP,UP
1788284238454,2026-09-01T17:37:18.454000+00:00,,,,,0,0,False,False,True,UP,UP,UP
1788284238655,2026-09-01T17:37:18.655000+00:00,,,,,0,0,False,False,True,UP,UP,UP
1788284238856,2026-09-01T17:37:18.856000+00:00,,,,,0,0,False,False,True,UP,UP,UP
1788284239057,2026-09-01T17:37:19.057000+00:00,,,,,0,0,False,False,True,UP,UP,UP
1788284239258,2026-09-01T17:37:19.258000+00:00,,,,,0,0,False,False,True,UP,UP,UP
1788284239459,2026-09-01T17:37:19.459000+00:00,,,,,0,0,False,False,True,UP,UP,UP
1788284239660,2026-09-01T17:37:19.660000+00:00,,,,,0,0,False,False,True,UP,UP,UP
1788284239860,2026-09-01T17:37:19.860000+00:00,,,,,0,0,False,False,True,UP,UP,UP
1788284240061,2026-09-01T17:37:20.061000+00:00,,,,,0,0,False,False,True,UP,UP,UP
1788284240262,2026-09-01T17:37:20.262000+00:00,,,,,0,0,False,False,True,UP,UP,UP
1788284240463,2026-09-01T17:37:20.463000+00:00,,,,,0,0,False,False,True,UP,UP,UP
1788284240664,2026-09-01T17:37:20.664000+00:00,,,,,0,0,False,False,True,UP,UP,UP
1788284240865,2026-09-01T17:37:20.865000+00:00,,,,,0,0,False,False,True,UP,UP,UP
1788284241066,2026-09-01T17:37:21.066000+00:00,,,,,0,0,False,False,True,UP,UP,UP
1788284241266,2026-09-01T17:37:21.266000+00:00,,,,,0,0,False,False,True,UP,UP,UP
1788284241468,2026-09-01T17:37:21.468000+00:00,,,,,0,0,False,False,True,UP,UP,UP
1788284241668,2026-09-01T17:37:21.668000+00:00,,,,,0,0,False,False,True,UP,UP,UP
1788284241869,2026-09-01T17:37:21.869000+00:00,,,,,0,0,False,False,True,UP,UP,UP
1788284242070,2026-09-01T17:37:22.070000+00:00,,,,,0,0,False,False,True,UP,UP,UP
1788284242271,2026-09-01T17:37:22.271000+00:00,,,,,0,0,False,False,True,UP,UP,UP
1788284242472,2026-09-01T17:37:22.472000+00:00,,,,,0,0,False,False,True,UP,UP,UP
1788284242673,2026-09-01T17:37:22.673000+00:00,,,,,0,0,False,False,True,UP,UP,UP
1788284242874,2026-09-01T17:37:22.874000+00:00,,,,,0,0,False,False,True,UP,UP,UP
1788284243075,2026-09-01T17:37:23.075000+00:00,,,,,0,0,False,False,True,UP,UP,UP
1788284243276,2026-09-01T17:37:23.276000+00:00,,,,,0,0,False,False,True,UP,UP,UP
1788284243477,2026-09-01T17:37:23.477000+00:00,,,,,0,0,False,False,True,UP,UP,UP
1788284243677,2026-09-01T17:37:23.677000+00:00,,,,,0,0,False,False,True,UP,UP,UP
1788284243878,2026-09-01T17:37:23.878000+00:00,,,,,0,0,False,False,True,UP,UP,UP
1788284244079,2026-09-01T17:37:24.079000+00:00,,,,,0,0,False,False,True,UP,UP,UP
